,PLAYER_ID,PLAYER_NAME,NICKNAME,TEAM_ID,TEAM_ABBREVIATION,AGE,GP,W,L,W_PCT,MIN,FGM,FGA,FG_PCT,FG3M,FG3A,FG3_PCT,FTM,FTA,FT_PCT,OREB,DREB,REB,AST,TOV,STL,BLK,BLKA,PF,PFD,PTS,PLUS_MINUS,NBA_FANTASY_PTS,DD2,TD3,WNBA_FANTASY_PTS,GP_RANK,W_RANK,L_RANK,W_PCT_RANK,MIN_RANK,FGM_RANK,FGA_RANK,FG_PCT_RANK,FG3M_RANK,FG3A_RANK,FG3_PCT_RANK,FTM_RANK,FTA_RANK,FT_PCT_RANK,OREB_RANK,DREB_RANK,REB_RANK,AST_RANK,TOV_RANK,STL_RANK,BLK_RANK,BLKA_RANK,PF_RANK,PFD_RANK,PTS_RANK,PLUS_MINUS_RANK,NBA_FANTASY_PTS_RANK,DD2_RANK,TD3_RANK,WNBA_FANTASY_PTS_RANK
0,1631260,AJ Green,AJ,1610612749,MIL,25.0,5,1,4,0.2,27.0,3.6,7.8,0.462,3.6,7.0,0.514,0.2,0.4,0.5,0.4,2.4,2.8,2.0,0.0,0.0,0.2,0.0,2.6,0.4,11.0,2.0,18.0,0,0,19.8,115,139,47,154,78,77,76,89,6,18,16,157,150,140,143,86,104,65,189,165,118,148,47,157,72,57,88,48,7,79
1,203932,Aaron Gordon,Aaron,1610612743,DEN,29.0,14,7,7,0.5,37.3,5.8,11.9,0.485,1.6,4.1,0.379,3.1,3.6,0.86,3.6,4.0,7.6,2.7,1.9,0.6,0.4,1.4,2.4,3.6,16.2,1.6,30.3,2,0,29.9,33,39,8,86,22,41,43,69,56,60,62,36,40,41,7,48,23,52,40,94,83,8,59,28,37,68,40,20,7,36
2,1628988,Aaron Holiday,Aaron,1610612745,HOU,28.0,3,3,0,1.0,9.1,1.3,3.3,0.4,0.7,1.7,0.4,0.7,1.3,0.5,0.3,0.3,0.7,1.0,0.3,0.0,0.0,0.0,1.0,1.0,4.0,-5.0,6.0,0,0,6.3,175,88,211,1,148,136,127,139,111,121,45,106,87,140,149,193,182,108,158,165,158,148,137,97,136,177,160,48,7,154
3,1630174,Aaron Nesmith,Aaron,1610612754,IND,25.0,16,12,4,0.75,28.8,4.9,9.7,0.503,2.7,5.4,0.5,1.6,1.8,0.897,1.1,4.4,5.6,1.2,0.8,0.9,0.8,0.5,3.9,2.3,14.1,5.3,26.8,2,0,26.9,8,1,47,14,68,53,63,50,15,38,17,66,72,32,57,39,42,102,104,58,34,66,6,56,50,26,50,20,7,50
4,1630598,Aaron Wiggins,Aaron,1610612760,OKC,26.0,15,11,4,0.733,13.5,2.3,5.7,0.407,1.0,3.1,0.319,0.4,0.5,0.857,0.8,1.6,2.4,1.0,0.6,0.4,0.3,0.2,1.0,0.5,6.1,4.5,11.8,0,0,11.8,23,16,47,35,130,100,101,135,89,86,107,132,147,42,89,124,114,108,120,118,101,113,137,153,103,31,117,48,7,117
5,1642349,Ajay Mitchell,Ajay,1610612760,OKC,22.0,8,6,2,0.75,8.1,1.9,3.5,0.536,0.6,1.4,0.455,0.3,0.4,0.667,0.0,0.5,0.5,0.5,0.4,0.3,0.0,0.4,0.9,0.5,4.6,-1.8,6.4,0,0,6.8,71,45,163,14,154,119,125,40,117,129,32,149,151,116,179,184,193,149,155,142,158,83,153,143,124,139,154,48,7,150
6,201143,Al Horford,Al,1610612738,BOS,38.0,11,6,5,0.545,31.6,3.1,6.5,0.472,1.3,3.2,0.4,0.5,0.6,0.857,1.6,4.4,6.0,1.8,0.6,0.6,1.3,0.3,2.7,1.0,8.0,0.9,23.0,0,0,20.9,51,45,35,79,56,84,93,81,80,84,45,128,138,42,32,41,33,69,118,85,11,97,38,97,89,82,67,48,7,72
7,202692,Alec Burks,Alec,1610612748,MIA,33.0,1,0,1,0.0,15.2,2.0,3.0,0.667,2.0,3.0,0.667,0.0,0.0,0.0,0.0,2.0,2.0,2.0,0.0,0.0,0.0,0.0,0.0,0.0,6.0,-1.0,11.4,0,0,12.0,212,180,195,180,121,106,132,19,28,88,10,162,165,162,179,101,128,65,189,165,158,148,196,188,104,121,120,48,7,115
8,1627936,Alex Caruso,Alex,1610612760,OKC,31.0,16,12,4,0.75,22.5,3.1,6.7,0.458,1.7,4.1,0.415,1.0,1.3,0.762,0.5,1.8,2.3,2.5,0.7,1.8,0.4,0.2,2.6,1.8,8.8,7.3,21.2,0,0,19.7,8,1,47,14,89,87,89,91,51,63,41,88,90,87,124,116,119,56,115,9,69,125,44,74,82,10,73,48,7,80
9,203458,Alex Len,Alex,1610612747,LAL,31.0,2,0,2,0.0,1.8,0.0,0.5,0.0,0.0,0.0,0.0,0.0,0.0,0.0,1.5,0.5,2.0,0.0,0.0,0.0,0.0,0.0,0.0,0.5,0.0,0.5,2.4,0,0,2.0,199,180,163,180,212,203,205,203,164,190,164,162,165,162,35,184,128,192,189,165,158,148,196,143,206,87,198,48,7,200
10,1630578,Alperen Sengun,Alperen,1610612745,HOU,22.0,7,3,4,0.429,36.6,8.4,18.7,0.45,0.4,1.1,0.375,3.6,5.7,0.625,3.0,8.9,11.9,5.3,2.1,1.9,0.4,0.7,3.7,5.0,20.9,4.7,47.7,5,0,43.0,84,88,47,101,23,14,12,98,126,140,63,24,15,130,10,5,3,16,27,7,72,43,8,11,20,30,8,6,7,13
11,1641708,Amen Thompson,Amen,1610612745,HOU,22.0,7,3,4,0.429,33.1,6.0,12.1,0.494,0.1,0.6,0.25,3.6,5.1,0.694,2.7,4.1,6.9,3.3,1.7,1.7,0.9,0.9,2.6,3.3,15.7,0.6,34.9,0,0,31.1,84,88,47,101,46,34,42,62,162,162,135,24,18,111,13,46,28,44,45,10,30,33,48,37,41,86,28,48,7,33
12,1641748,Andre Jackson Jr.,Andre,1610612749,MIL,23.0,2,0,2,0.0,2.4,0.0,0.5,0.0,0.0,0.5,0.0,0.0,0.0,0.0,0.0,0.0,0.0,0.0,0.0,0.0,0.0,0.0,0.0,0.0,0.0,-1.0,0.0,0,0,0.0,199,180,163,180,208,203,205,203,164,164,164,162,165,162,179,204,208,192,189,165,158,148,196,188,206,121,215,48,7,215
13,1629614,Andrew Nembhard,Andrew,1610612754,IND,25.0,16,12,4,0.75,33.2,4.9,10.3,0.473,1.8,3.8,0.483,1.3,1.5,0.833,0.5,2.8,3.3,5.1,1.6,1.6,0.3,0.7,2.6,2.2,12.8,3.8,28.4,1,0,26.7,8,1,47,14,44,53,57,80,42,71,25,77,79,56,124,77,89,21,54,12,103,44,44,62,56,38,45,29,7,52
14,203952,Andrew Wiggins,Andrew,1610612748,MIA,30.0,4,0,4,0.0,30.6,4.0,10.8,0.372,1.8,5.0,0.35,1.8,2.5,0.7,1.0,2.3,3.3,2.3,2.8,0.3,1.3,0.5,1.5,1.5,11.5,-20.0,20.5,0,0,21.8,153,180,47,180,60,66,54,161,43,46,84,62,59,108,64,92,89,62,19,142,12,66,118,80,68,217,76,48,7,69
15,1641710,Anthony Black,Anthony,1610612753,ORL,21.0,5,1,4,0.2,17.7,3.0,7.4,0.405,0.4,2.6,0.154,1.8,2.6,0.692,2.0,2.4,4.4,0.0,0.4,0.8,0.2,0.2,1.6,2.0,8.2,-7.6,16.1,0,0,15.0,115,139,47,154,110,88,80,137,129,102,162,60,56,112,24,86,66,192,147,63,118,113,111,63,88,191,99,48,7,101
16,1630162,Anthony Edwards,Anthony,1610612750,MIN,23.0,15,9,6,0.6,39.0,9.0,19.9,0.453,3.1,8.7,0.354,4.3,5.9,0.719,1.2,6.6,7.8,5.5,2.6,1.1,0.7,0.7,2.1,4.2,25.3,2.5,45.9,3,0,45.4,23,28,24,52,13,12,9,95,10,10,82,17,14,101,54,10,20,12,21,35,41,45,72,17,11,51,10,12,7,10
17,1630574,Ariel Hukporti,Ariel,1610612752,NYK,23.0,3,1,2,0.333,1.5,0.7,0.7,1.0,0.0,0.0,0.0,0.0,0.7,0.0,0.0,0.7,0.7,0.0,0.0,0.0,0.0,0.0,0.0,0.3,1.3,2.7,2.1,0,0,2.0,175,139,163,132,219,174,200,1,164,190,164,162,128,162,179,170,182,192,189,165,158,148,196,163,185,49,200,48,7,200
18,1641709,Ausar Thompson,Ausar,1610612765,DET,22.0,6,2,4,0.333,22.5,4.0,7.0,0.571,0.0,0.3,0.0,3.5,6.0,0.583,1.3,3.8,5.2,1.0,1.8,1.2,0.8,1.0,4.2,3.8,11.5,1.0,23.4,0,0,21.7,103,121,47,132,90,66,83,36,164,173,164,26,12,134,43,51,50,108,42,28,32,23,5,24,68,79,66,48,7,70
19,1630559,Austin Reaves,Austin,1610612747,LAL,27.0,5,1,4,0.2,39.3,6.0,14.6,0.411,3.0,9.4,0.319,1.2,1.4,0.857,0.8,4.6,5.4,3.6,2.8,0.2,0.6,0.4,3.6,2.8,16.2,-7.4,27.7,0,0,29.8,115,139,47,154,10,34,28,133,11,5,107,81,86,42,89,36,48,37,18,151,53,79,10,44,38,190,48,48,7,38
20,1628389,Bam Adebayo,Bam,1610612748,MIA,27.0,4,0,4,0.0,38.4,7.0,16.0,0.438,1.8,5.3,0.333,1.8,2.8,0.636,4.0,7.0,11.0,4.3,3.0,1.0,0.3,0.3,2.3,2.8,17.5,-18.3,37.8,2,0,37.0,153,180,47,180,17,24,21,110,43,43,93,62,53,128,2,7,6,28,13,40,103,99,62,45,32,216,22,20,7,22
21,1631248,Baylor Scheierman,Baylor,1610612738,BOS,24.0,4,3,1,0.75,5.6,0.8,2.5,0.3,0.5,1.3,0.4,0.0,0.0,0.0,0.3,0.8,1.0,0.0,0.3,0.0,0.0,0.0,0.5,0.0,2.0,-0.3,3.0,0,0,3.5,153,88,195,14,176,170,147,186,119,135,45,162,165,162,162,164,168,192,174,165,158,148,169,188,167,103,192,48,7,182
22,1641767,Ben Sheppard,Ben,1610612754,IND,23.0,14,10,4,0.714,14.1,1.1,2.4,0.485,0.8,1.9,0.423,0.3,0.3,1.0,0.3,1.4,1.7,0.5,0.5,0.2,0.0,0.0,1.8,0.4,3.4,0.3,6.3,0,0,6.8,33,19,47,37,126,145,150,70,105,118,39,147,160,1,159,133,144,149,131,150,158,148,96,156,142,94,155,48,7,147
23,1627732,Ben Simmons,Ben,1610612746,LAC,28.0,5,2,3,0.4,8.3,0.4,1.2,0.333,0.0,0.0,0.0,0.0,0.0,0.0,0.6,0.8,1.4,0.8,0.4,0.2,0.8,0.2,2.2,1.0,0.8,1.4,6.3,0,0,5.0,115,121,144,124,153,186,186,174,164,190,164,162,165,162,108,157,153,125,147,151,35,113,67,97,202,72,156,48,7,166
24,1631097,Bennedict Mathurin,Bennedict,1610612754,IND,22.0,15,11,4,0.733,16.1,2.9,6.1,0.484,0.7,2.6,0.282,3.8,4.1,0.919,0.5,1.9,2.5,0.7,1.1,0.3,0.1,0.2,1.9,3.0,10.4,-2.9,14.6,0,0,15.2,23,16,47,35,119,91,98,72,110,102,128,22,30,28,122,111,111,136,81,130,141,113,87,40,74,154,108,48,7,99
25,1626171,Bobby Portis,Bobby,1610612749,MIL,30.0,5,1,4,0.2,31.7,6.0,13.6,0.441,2.0,5.6,0.357,0.0,0.2,0.0,1.6,6.6,8.2,1.4,1.2,0.4,0.4,0.8,1.6,1.0,14.0,2.0,27.1,2,0,27.2,115,139,47,154,55,34,35,108,28,34,76,162,163,162,33,10,17,86,74,118,75,37,111,97,51,57,49,20,7,49
26,203992,Bogdan Bogdanović,Bogdan,1610612746,LAC,32.0,7,3,4,0.429,16.8,2.3,6.3,0.364,1.0,3.4,0.292,0.9,1.0,0.857,0.7,2.1,2.9,2.1,1.6,0.4,0.0,0.1,3.6,0.7,6.4,2.4,12.8,0,0,13.3,84,88,47,101,113,103,95,165,89,77,123,94,102,42,101,99,102,64,52,115,158,135,12,129,99,53,114,48,7,108
27,1641764,Brandin Podziemski,Brandin,1610612744,GSW,22.0,12,5,7,0.417,32.1,4.0,11.0,0.364,1.8,5.6,0.328,1.4,2.0,0.708,1.3,3.7,5.0,3.1,1.5,1.3,0.2,0.7,1.5,2.9,11.3,-0.8,24.6,0,0,24.0,44,54,8,118,53,66,51,165,41,36,105,70,64,107,43,58,52,47,57,23,132,45,118,42,70,115,60,48,7,60
28,1630296,Braxton Key,Braxton,1610612744,GSW,28.0,5,0,5,0.0,4.5,0.2,1.6,0.125,0.0,0.2,0.0,0.0,0.0,0.0,1.0,0.8,1.8,0.2,0.6,0.4,0.4,0.2,0.8,0.2,0.4,3.0,4.7,0,0,4.0,115,180,35,180,185,201,176,200,164,183,164,162,165,162,64,157,137,185,120,118,75,113,157,180,205,43,169,48,7,175
29,1642355,Bronny James,Bronny,1610612747,LAL,20.0,2,0,2,0.0,1.8,0.0,1.0,0.0,0.0,1.0,0.0,0.0,0.0,0.0,0.0,0.0,0.0,0.0,0.0,0.0,0.0,0.0,0.0,0.0,0.0,0.5,0.0,0,0,0.0,199,180,163,180,212,203,191,203,164,142,164,162,165,162,179,204,208,192,189,165,158,148,196,188,206,87,215,48,7,215
30,201572,Brook Lopez,Brook,1610612749,MIL,37.0,5,1,4,0.2,14.8,1.6,4.4,0.364,0.8,3.0,0.267,1.0,1.0,1.0,0.6,1.0,1.6,0.8,0.8,0.2,1.0,0.2,2.2,1.4,5.0,-5.2,10.9,0,0,10.6,115,139,47,154,122,129,114,165,103,88,132,88,102,1,108,143,147,125,105,151,19,113,67,85,116,178,123,48,7,121
31,1627741,Buddy Hield,Buddy,1610612744,GSW,32.0,12,5,7,0.417,27.3,4.3,10.4,0.416,2.8,6.4,0.429,1.1,1.2,0.929,1.5,2.0,3.5,1.8,1.1,1.2,0.4,0.4,2.0,0.8,12.5,0.6,23.0,0,0,23.7,44,54,8,118,75,58,56,128,14,23,38,87,93,26,35,101,83,71,84,28,74,78,77,117,58,85,68,48,7,62
32,1630595,Cade Cunningham,Cade,1610612765,DET,23.0,6,2,4,0.333,41.3,9.2,21.5,0.426,0.8,4.7,0.179,5.8,7.0,0.833,1.0,7.3,8.3,8.7,5.3,1.8,1.3,2.3,3.3,6.2,25.0,1.5,52.2,4,1,49.2,103,121,47,132,3,11,7,122,100,54,155,8,10,56,64,6,16,3,1,8,9,1,19,8,12,69,5,10,2,6
33,1631216,Caleb Houstan,Caleb,1610612753,ORL,22.0,5,1,4,0.2,9.5,0.4,2.8,0.143,0.4,2.0,0.2,0.0,0.0,0.0,0.4,0.4,0.8,0.2,0.4,0.0,0.2,0.2,0.6,0.0,1.2,-5.8,2.7,0,0,3.0,115,139,47,154,146,186,138,199,129,112,148,162,165,162,143,191,179,185,147,165,118,113,165,188,188,182,195,48,7,191
34,1642353,Cam Christie,Cam,1610612746,LAC,19.0,3,1,2,0.333,4.3,0.7,1.0,0.667,0.3,0.7,0.5,0.0,0.0,0.0,0.0,0.7,0.7,0.0,0.3,0.3,0.0,0.0,0.0,0.0,1.7,6.0,3.1,0,0,3.3,175,139,163,132,191,174,191,19,138,156,17,162,165,162,179,170,182,192,158,130,158,148,196,188,179,21,188,48,7,188
35,1641715,Cam Whitmore,Cam,1610612745,HOU,20.0,3,3,0,1.0,1.8,0.0,0.7,0.0,0.0,0.3,0.0,0.0,0.0,0.0,0.0,0.3,0.3,0.0,0.0,0.0,0.0,0.3,0.0,0.0,0.0,-5.3,0.4,0,0,0.3,175,88,211,1,216,203,200,203,164,173,164,162,165,162,179,193,199,192,189,165,158,87,196,188,206,179,213,48,7,214
36,1626166,Cameron Payne,Cameron,1610612752,NYK,30.0,14,8,6,0.571,7.3,0.9,2.6,0.324,0.4,1.5,0.238,0.1,0.2,0.333,0.0,0.6,0.6,0.6,0.5,0.4,0.1,0.0,1.6,0.5,2.1,-0.5,4.6,0,0,4.6,33,37,24,64,162,164,145,181,137,125,142,161,162,158,179,181,192,140,131,129,156,148,117,143,166,106,173,48,7,170
37,1641717,Cason Wallace,Cason,1610612760,OKC,21.0,16,12,4,0.75,22.5,2.1,5.1,0.407,0.9,2.9,0.326,0.3,0.4,0.714,1.1,1.6,2.7,2.7,0.8,1.3,0.4,0.4,2.1,0.7,5.4,8.8,16.8,0,0,14.9,8,1,47,14,91,105,103,134,97,94,106,146,149,102,57,130,105,53,109,23,82,73,76,132,113,4,95,48,7,105
38,1631096,Chet Holmgren,Chet,1610612760,OKC,23.0,16,12,4,0.75,29.6,5.8,11.9,0.489,1.5,4.5,0.333,3.3,4.4,0.757,1.8,6.8,8.6,1.1,1.1,0.8,2.0,1.1,2.0,3.4,16.4,8.4,35.7,6,0,33.3,8,1,47,14,65,38,44,65,62,57,93,31,26,90,31,9,13,107,82,61,3,18,77,31,35,5,26,4,7,29
39,1641753,Chris Livingston,Chris,1610612749,MIL,21.0,2,0,2,0.0,2.3,0.0,0.5,0.0,0.0,0.5,0.0,0.0,0.0,0.0,0.0,0.5,0.5,0.0,0.0,0.0,0.0,0.0,0.0,0.0,0.0,-1.5,0.6,0,0,0.5,199,180,163,180,209,203,205,203,164,164,164,162,165,162,179,184,193,192,189,165,158,148,196,188,206,132,211,48,7,212
40,1631128,Christian Braun,Christian,1610612743,DEN,24.0,14,7,7,0.5,38.9,4.8,10.6,0.453,1.5,5.0,0.3,1.6,2.2,0.71,1.8,4.6,6.4,2.4,1.0,1.2,0.7,0.9,3.4,1.4,12.6,-0.9,28.8,3,0,26.9,33,39,8,86,15,55,55,96,62,46,119,68,63,105,29,35,32,57,86,25,42,30,18,84,57,120,44,12,7,51
41,1629643,Chuma Okeke,Chuma,1610612739,CLE,26.0,3,2,1,0.667,4.3,0.3,1.3,0.25,0.3,1.3,0.25,0.0,0.0,0.0,0.0,0.0,0.0,0.3,0.0,0.3,0.0,0.0,0.0,0.0,1.0,3.3,2.5,0,0,2.3,175,121,195,40,193,192,182,189,138,132,135,162,165,162,179,204,208,166,189,130,158,148,196,188,193,40,197,48,7,199
42,1630175,Cole Anthony,Cole,1610612753,ORL,25.0,5,1,4,0.2,10.1,0.8,2.8,0.286,0.0,1.2,0.0,0.6,0.8,0.75,0.6,0.8,1.4,1.2,1.8,0.0,0.2,0.0,2.4,1.0,2.2,-2.6,4.5,0,0,5.2,115,139,47,154,139,168,138,187,164,136,164,114,117,91,108,157,153,99,43,165,118,148,52,97,163,152,174,48,7,165
43,202709,Cory Joseph,Cory,1610612753,ORL,33.0,5,1,4,0.2,24.9,2.0,4.8,0.417,1.0,3.2,0.313,0.0,0.0,0.0,0.2,1.6,1.8,3.0,0.4,1.0,0.4,0.4,2.0,0.6,5.0,-1.6,15.5,0,0,13.6,115,139,47,154,82,106,107,126,89,83,112,162,165,162,165,124,137,48,147,40,75,79,77,134,116,136,102,48,7,107
44,1641854,Craig Porter Jr.,Craig,1610612739,CLE,25.0,6,4,2,0.667,5.9,1.0,2.0,0.5,0.0,0.5,0.0,0.0,0.0,0.0,0.5,0.5,1.0,1.5,0.3,0.5,0.3,0.0,0.3,0.0,2.0,4.0,7.6,0,0,6.2,103,72,163,40,173,147,155,52,164,164,164,162,165,162,124,184,168,81,158,101,85,148,184,188,167,33,141,48,7,157
45,1642261,Dalton Knecht,Dalton,1610612747,LAL,24.0,2,0,2,0.0,1.8,1.0,2.5,0.4,0.5,2.0,0.25,0.0,0.0,0.0,1.0,0.5,1.5,0.0,0.0,0.0,0.0,0.0,0.0,0.0,2.5,0.5,4.3,0,0,4.5,199,180,163,180,212,147,147,139,119,112,135,162,165,162,64,184,149,192,189,165,158,148,196,188,156,87,176,48,7,171
46,203081,Damian Lillard,Damian,1610612749,MIL,34.0,3,1,2,0.333,24.9,2.0,9.0,0.222,1.0,5.3,0.188,2.0,2.3,0.857,0.3,2.3,2.7,4.7,1.0,0.7,0.7,0.0,2.7,3.0,7.0,2.0,20.2,0,0,18.0,175,139,163,132,81,106,65,193,89,39,154,53,61,42,149,88,106,25,86,76,46,148,42,40,98,57,79,48,7,87
47,1629636,Darius Garland,Darius,1610612739,CLE,25.0,5,3,2,0.6,29.6,5.8,13.8,0.42,2.0,7.0,0.286,4.4,4.8,0.917,0.2,2.0,2.2,5.2,3.0,0.4,0.0,0.2,3.4,3.8,18.0,-3.0,26.6,0,0,28.2,115,88,163,52,64,39,33,124,28,18,124,15,22,29,165,101,123,18,13,118,158,113,16,25,30,155,51,48,7,44
48,1630558,Davion Mitchell,Davion,1610612748,MIA,26.0,4,0,4,0.0,35.5,6.3,10.3,0.61,1.8,3.5,0.5,0.8,1.8,0.429,0.5,1.8,2.3,6.3,2.0,0.8,0.3,0.3,2.8,2.0,15.0,-20.8,28.1,0,0,27.3,153,180,47,180,33,31,58,28,43,75,17,100,73,154,124,118,121,8,30,68,103,99,36,63,47,218,47,48,7,47
49,1629631,De'Andre Hunter,De'Andre,1610612739,CLE,27.0,8,5,3,0.625,23.2,3.4,7.9,0.429,1.5,3.3,0.462,2.8,3.3,0.846,0.8,2.9,3.6,1.0,0.9,0.5,0.1,0.3,2.1,3.4,11.0,7.1,17.9,0,0,18.4,71,54,144,47,88,80,75,118,62,81,31,42,48,52,96,73,79,108,100,101,143,99,73,34,72,11,89,48,7,86
50,201599,DeAndre Jordan,DeAndre,1610612743,DEN,36.0,7,3,4,0.429,5.1,0.4,0.4,1.0,0.0,0.0,0.0,0.0,0.6,0.0,0.1,1.1,1.3,0.3,0.3,0.0,0.1,0.0,1.3,0.7,0.9,-1.9,3.0,0,0,2.7,84,88,47,101,179,185,212,1,164,190,164,162,142,162,175,141,159,177,173,165,137,148,129,129,201,140,190,48,7,194
51,1629731,Dean Wade,Dean,1610612739,CLE,28.0,9,5,4,0.556,15.7,0.7,2.0,0.333,0.3,1.6,0.214,0.0,0.0,0.0,1.1,3.1,4.2,0.7,0.3,0.3,0.1,0.0,1.1,0.1,1.7,2.0,8.7,0,0,7.8,61,54,47,66,120,174,155,174,138,123,146,162,165,162,60,68,68,136,158,130,149,148,136,187,179,57,136,48,7,135
52,1626153,Delon Wright,Delon,1610612752,NYK,33.0,6,2,4,0.333,8.0,0.3,1.5,0.222,0.2,1.0,0.167,0.3,0.3,1.0,0.2,0.2,0.3,0.8,0.2,0.5,0.2,0.0,0.0,0.3,1.2,1.8,4.7,0,0,3.8,103,121,47,132,155,192,180,193,159,142,156,137,155,1,170,203,199,123,184,101,132,148,196,163,191,63,170,48,7,178
53,203471,Dennis Schröder,Dennis,1610612765,DET,31.0,6,2,4,0.333,27.4,4.3,8.8,0.491,1.7,3.5,0.476,2.2,2.7,0.813,0.7,1.7,2.3,3.7,1.2,1.2,0.2,0.2,2.0,1.8,12.5,-2.3,23.6,0,0,22.8,103,121,47,132,73,58,69,64,53,75,26,51,54,68,103,120,115,36,79,28,132,130,77,69,58,148,64,48,7,64
54,1627884,Derrick Jones Jr.,Derrick,1610612746,LAC,28.0,7,3,4,0.429,18.5,3.0,6.9,0.438,0.9,2.9,0.3,0.4,1.1,0.375,0.7,1.1,1.9,0.3,0.4,0.6,1.3,0.0,0.4,1.3,7.3,0.0,15.1,0,0,14.0,84,88,47,101,108,88,86,110,99,95,119,131,95,157,101,141,135,177,145,94,10,148,179,88,95,98,105,48,7,106
55,1628401,Derrick White,Derrick,1610612738,BOS,30.0,11,6,5,0.545,37.8,6.2,13.4,0.463,3.6,9.5,0.385,2.8,3.3,0.861,1.3,3.8,5.1,3.5,1.2,0.6,1.1,0.4,2.0,3.4,18.8,1.9,34.2,1,0,34.5,51,45,35,79,20,32,36,88,4,4,57,39,47,40,50,52,51,39,77,85,18,86,77,35,23,61,30,29,7,26
56,1630217,Desmond Bane,Desmond,1610612763,MEM,26.0,4,0,4,0.0,34.8,5.0,15.8,0.317,1.8,8.0,0.219,3.5,3.8,0.933,1.3,5.5,6.8,3.3,3.8,0.8,0.5,1.3,2.3,2.3,15.3,-16.5,28.2,1,0,29.5,153,180,47,180,36,51,23,182,43,12,145,26,36,25,51,22,29,45,5,68,62,13,62,59,44,214,46,29,7,40
57,1628415,Dillon Brooks,Dillon,1610612745,HOU,29.0,7,3,4,0.429,29.4,4.0,9.0,0.444,1.4,4.1,0.345,2.9,3.4,0.833,1.3,1.9,3.1,1.3,1.3,0.7,0.3,0.4,3.9,1.9,12.3,1.4,19.7,0,0,20.1,84,88,47,101,66,66,65,102,69,60,89,38,43,56,49,114,93,96,69,74,94,75,7,68,60,71,80,48,7,78
58,1641794,Dillon Jones,Dillon,1610612760,OKC,23.0,7,5,2,0.714,5.2,1.0,1.3,0.778,0.4,0.6,0.75,0.3,0.3,1.0,0.3,0.7,1.0,0.6,0.7,0.1,0.1,0.0,0.3,0.1,2.7,-1.4,4.9,0,0,5.3,84,54,163,37,178,147,184,15,126,162,9,147,160,1,159,169,168,145,113,160,137,148,192,184,152,131,168,48,7,164
59,1628378,Donovan Mitchell,Donovan,1610612739,CLE,28.0,9,5,4,0.556,32.0,9.6,21.6,0.443,3.1,9.3,0.333,7.3,9.9,0.742,1.2,3.4,4.7,3.9,1.9,1.9,0.3,1.6,2.0,6.6,29.6,5.0,45.8,0,0,45.7,61,54,47,66,54,6,6,107,9,6,93,4,2,100,53,61,61,33,36,6,85,3,77,6,4,28,11,48,7,9
60,1628978,Donte DiVincenzo,Donte,1610612750,MIN,28.0,15,9,6,0.6,25.2,3.1,8.4,0.365,1.9,5.9,0.318,0.7,0.9,0.769,0.8,2.3,3.1,3.3,1.9,1.4,0.3,0.2,3.0,1.1,8.7,-4.1,20.5,0,0,20.3,23,28,24,52,79,85,72,164,38,31,109,106,115,85,89,91,95,42,38,17,101,113,28,96,84,167,78,48,7,77
61,1627827,Dorian Finney-Smith,Dorian,1610612747,LAL,32.0,5,1,4,0.2,33.9,2.4,5.8,0.414,1.4,3.8,0.368,0.0,0.0,0.0,2.0,2.2,4.2,2.6,1.0,0.2,0.4,0.6,3.4,0.4,6.2,-2.0,15.9,0,0,15.6,115,139,47,154,41,98,100,132,72,70,70,162,165,162,24,97,69,55,86,151,75,54,16,157,102,142,100,48,7,96
62,203110,Draymond Green,Draymond,1610612744,GSW,35.0,12,5,7,0.417,32.4,3.5,9.0,0.389,1.3,5.0,0.267,0.8,1.1,0.692,0.8,4.8,5.5,3.8,3.0,1.4,0.9,0.5,3.7,2.3,9.1,-1.9,25.4,0,0,24.4,44,54,8,118,50,79,65,149,76,46,132,100,101,112,96,33,43,35,13,16,27,66,9,59,81,141,55,48,7,58
63,1629234,Drew Eubanks,Drew,1610612746,LAC,28.0,3,1,2,0.333,4.4,0.0,0.7,0.0,0.0,0.0,0.0,1.3,2.0,0.667,0.0,0.3,0.3,0.0,0.0,0.0,0.0,0.3,0.7,1.3,1.3,6.0,1.7,0,0,1.7,175,139,163,132,188,203,200,203,164,190,164,71,64,116,179,193,199,192,189,165,158,87,161,87,185,21,204,48,7,205
64,1629130,Duncan Robinson,Duncan,1610612748,MIA,31.0,4,0,4,0.0,14.7,1.3,3.5,0.357,1.0,3.0,0.333,0.8,1.0,0.75,0.0,1.0,1.0,0.3,1.5,0.0,0.0,0.0,1.5,0.8,4.3,-9.8,4.3,0,0,6.5,153,180,47,180,123,140,125,168,89,88,93,100,102,91,179,143,168,180,57,165,158,148,118,124,132,201,175,48,7,153
65,1630596,Evan Mobley,Evan,1610612739,CLE,23.0,8,5,3,0.625,32.1,6.4,10.9,0.586,1.8,3.9,0.452,2.6,3.1,0.84,2.6,5.5,8.1,1.6,1.4,1.1,1.0,0.4,1.3,2.4,17.1,1.4,34.3,3,0,32.9,71,54,144,47,52,29,53,32,43,67,34,45,50,55,14,22,18,77,68,36,19,83,131,54,34,73,29,12,7,30
66,1630532,Franz Wagner,Franz,1610612753,ORL,23.0,5,1,4,0.2,38.9,10.2,23.0,0.443,1.4,7.4,0.189,4.0,5.2,0.769,0.6,4.2,4.8,5.6,2.0,1.2,0.4,1.4,3.2,3.8,25.8,-9.2,42.8,0,0,40.8,115,139,47,154,14,3,2,106,72,15,153,19,17,85,108,45,58,10,30,27,75,6,23,25,9,200,16,48,7,14
67,1627832,Fred VanVleet,Fred,1610612745,HOU,31.0,7,3,4,0.429,40.0,5.7,13.3,0.43,3.9,8.9,0.435,3.4,3.4,1.0,0.4,3.7,4.1,4.4,1.9,1.0,0.3,0.6,2.3,3.4,18.7,3.0,32.3,0,0,33.7,84,88,47,101,7,43,37,117,3,8,36,29,43,1,141,57,70,27,40,40,94,61,60,32,26,43,32,48,7,27
68,1629216,Gabe Vincent,Gabe,1610612747,LAL,28.0,5,1,4,0.2,19.7,1.0,2.8,0.357,0.8,2.6,0.308,0.0,0.0,0.0,0.0,1.0,1.0,1.0,0.2,0.2,0.4,0.0,1.6,1.0,2.8,-0.6,7.1,0,0,6.8,115,139,47,154,103,147,138,168,103,102,115,162,165,162,179,143,168,108,180,151,75,148,111,97,148,110,147,48,7,146
69,203914,Gary Harris,Gary,1610612753,ORL,30.0,5,1,4,0.2,16.5,0.6,1.6,0.375,0.2,1.2,0.167,0.0,0.0,0.0,0.2,0.8,1.0,0.6,0.0,0.6,0.2,0.2,1.4,0.0,1.4,-6.4,5.9,0,0,4.8,115,139,47,154,114,181,176,156,152,136,156,162,165,162,165,157,168,143,189,89,118,113,125,188,183,187,162,48,7,168
70,1627780,Gary Payton II,Gary,1610612744,GSW,32.0,11,4,7,0.364,16.4,1.9,4.3,0.447,0.8,2.1,0.391,0.0,0.0,0.0,0.9,1.3,2.2,1.5,0.5,0.9,0.0,0.2,1.9,0.5,4.6,-4.9,11.6,0,0,10.9,51,72,8,130,116,116,116,101,102,111,54,162,165,162,83,138,126,85,130,56,158,127,88,142,123,176,118,48,7,120
71,1629018,Gary Trent Jr.,Gary,1610612749,MIL,26.0,5,1,4,0.2,34.2,6.4,12.4,0.516,4.4,8.8,0.5,1.6,2.0,0.8,0.2,2.0,2.2,1.2,0.6,2.6,0.0,0.6,1.8,1.0,18.8,-3.6,30.4,0,0,31.8,115,139,47,154,39,28,40,46,1,9,17,67,64,71,165,101,123,99,120,1,158,54,94,97,25,162,38,48,7,32
72,203507,Giannis Antetokounmpo,Giannis,1610612749,MIL,30.0,5,1,4,0.2,37.6,12.0,19.8,0.606,0.2,1.0,0.2,8.8,12.6,0.698,3.8,11.6,15.4,6.6,4.6,1.0,1.0,1.4,2.4,10.2,33.0,-7.0,62.8,5,1,59.2,115,139,47,154,21,1,10,30,152,142,148,1,1,110,4,1,1,7,2,40,19,6,52,1,1,188,1,6,2,1
73,1629048,Goga Bitadze,Goga,1610612753,ORL,25.0,3,0,3,0.0,3.8,0.3,0.3,1.0,0.0,0.0,0.0,0.0,0.0,0.0,0.0,1.0,1.0,0.3,0.0,0.0,0.3,0.0,2.0,0.3,0.7,-1.7,3.4,0,0,2.7,175,180,144,180,198,192,214,1,164,190,164,162,165,162,179,143,168,166,189,165,85,148,77,163,204,138,184,48,7,195
74,1630611,Gui Santos,Gui,1610612744,GSW,22.0,10,4,6,0.4,7.2,0.9,1.7,0.529,0.4,1.0,0.4,0.4,0.6,0.667,0.3,0.9,1.2,0.8,0.6,0.3,0.1,0.1,1.0,0.4,2.6,1.2,5.8,0,0,5.8,60,72,24,124,163,163,174,42,129,142,45,132,139,116,158,154,162,125,120,140,154,145,137,157,154,75,163,48,7,160
75,1629312,Haywood Highsmith,Haywood,1610612748,MIA,28.0,4,0,4,0.0,20.9,2.8,4.8,0.579,1.8,3.8,0.467,0.0,0.0,0.0,1.0,2.3,3.3,1.0,1.0,0.8,0.5,0.0,2.8,0.3,7.3,-15.8,15.4,0,0,15.8,153,180,47,180,96,93,108,35,43,71,27,162,165,162,64,92,89,108,86,68,62,148,36,176,96,213,103,48,7,95
76,1641816,Hunter Tyson,Hunter,1610612743,DEN,24.0,5,2,3,0.4,6.0,1.0,2.0,0.5,0.2,1.0,0.2,0.8,0.8,1.0,0.8,0.8,1.6,0.4,0.2,0.2,0.0,0.0,0.6,0.6,3.0,-1.0,5.9,0,0,5.6,115,121,144,124,171,147,155,52,152,142,148,95,117,1,89,157,147,161,180,151,158,148,165,134,144,121,161,48,7,161
77,1630171,Isaac Okoro,Isaac,1610612739,CLE,24.0,9,5,4,0.556,14.2,1.7,3.3,0.5,0.7,1.8,0.375,0.6,0.9,0.625,0.4,0.8,1.2,0.6,0.4,0.7,0.1,0.2,1.4,0.4,4.6,5.0,8.7,0,0,8.6,61,54,47,66,125,128,127,52,111,120,63,125,112,130,138,163,161,148,144,76,149,108,124,155,125,28,135,48,7,131
78,1628392,Isaiah Hartenstein,Isaiah,1610612760,OKC,27.0,16,12,4,0.75,23.9,4.3,6.9,0.622,0.0,0.0,0.0,0.6,0.9,0.643,2.8,5.1,7.9,2.2,1.3,0.8,0.6,0.4,2.9,1.3,9.2,2.4,25.0,2,0,22.1,8,1,47,14,85,61,85,27,164,190,164,123,114,127,11,27,19,63,70,61,52,83,34,91,79,52,59,20,7,67
79,1630198,Isaiah Joe,Isaiah,1610612760,OKC,25.0,16,12,4,0.75,10.6,1.8,3.8,0.467,1.1,2.9,0.383,0.6,0.7,0.818,0.4,1.2,1.6,0.8,0.3,0.4,0.1,0.1,0.5,0.8,5.2,2.3,9.5,0,0,9.8,8,1,47,14,138,123,121,85,86,93,59,123,127,66,140,140,146,124,172,127,143,139,169,118,115,55,128,48,7,123
80,1630191,Isaiah Stewart,Isaiah,1610612765,DET,24.0,1,0,1,0.0,18.9,1.0,2.0,0.5,0.0,0.0,0.0,0.0,0.0,0.0,1.0,4.0,5.0,1.0,0.0,0.0,2.0,0.0,5.0,0.0,2.0,8.0,15.5,0,0,12.0,212,180,195,180,105,147,155,52,164,190,164,162,165,162,64,48,52,108,189,165,3,148,1,188,167,9,101,48,7,115
81,1627826,Ivica Zubac,Ivica,1610612746,LAC,28.0,7,3,4,0.429,36.6,7.7,11.7,0.659,0.0,0.0,0.0,2.0,3.7,0.538,3.9,6.3,10.1,2.3,1.6,0.7,1.0,0.4,2.7,3.6,17.4,-2.6,36.6,4,0,33.3,84,88,47,101,24,20,47,23,164,190,164,53,38,137,3,17,9,61,52,74,19,75,40,28,33,151,24,10,7,28
82,1631120,JD Davison,JD,1610612738,BOS,22.0,4,3,1,0.75,3.3,0.3,2.0,0.125,0.3,0.5,0.5,0.3,0.5,0.5,0.3,0.5,0.8,0.8,0.3,0.0,0.0,0.0,0.0,0.5,1.0,-1.0,2.8,0,0,2.8,153,88,195,14,202,198,155,200,150,164,17,149,143,140,162,184,180,130,174,165,158,148,196,143,193,121,194,48,7,193
83,1629630,Ja Morant,Ja,1610612763,MEM,25.0,3,0,3,0.0,27.3,7.3,17.7,0.415,1.3,5.3,0.25,2.3,3.7,0.636,0.3,1.7,2.0,5.0,2.0,0.7,0.7,1.3,1.0,3.7,18.3,-5.3,30.2,0,0,29.3,175,180,144,180,74,23,15,131,76,39,135,47,39,128,149,120,128,22,30,76,46,10,137,27,28,179,42,48,7,41
84,1631095,Jabari Smith Jr.,Jabari,1610612745,HOU,22.0,7,3,4,0.429,20.5,2.4,4.9,0.5,1.4,3.1,0.455,1.1,1.4,0.8,1.0,2.9,3.9,0.6,1.4,0.1,0.7,0.1,0.9,1.3,7.4,-1.3,14.1,0,0,15.0,84,88,47,101,99,96,106,52,69,85,32,85,84,71,64,74,75,145,64,160,42,135,154,88,94,128,109,48,7,101
85,1630183,Jaden McDaniels,Jaden,1610612750,MIN,24.0,15,9,6,0.6,33.1,5.8,11.3,0.515,1.4,3.7,0.382,1.7,1.9,0.893,1.8,3.8,5.6,1.5,1.2,1.3,0.9,0.5,3.3,1.7,14.7,5.1,28.9,2,0,27.5,23,28,24,52,45,39,50,47,72,74,60,65,71,33,27,53,41,80,74,22,29,65,19,76,49,27,43,20,7,46
86,1631170,Jaime Jaquez Jr.,Jaime,1610612748,MIA,24.0,3,0,3,0.0,6.5,0.3,2.0,0.167,0.0,0.7,0.0,0.7,0.7,1.0,1.0,0.3,1.3,0.3,0.3,0.0,0.0,0.3,0.3,1.0,1.3,-6.0,3.1,0,0,3.0,175,180,144,180,169,192,155,198,164,156,164,106,128,1,64,193,158,166,158,165,158,87,184,97,185,183,189,48,7,191
87,1628973,Jalen Brunson,Jalen,1610612752,NYK,28.0,18,10,8,0.556,37.8,10.1,21.8,0.461,2.7,7.4,0.358,6.7,7.8,0.851,0.7,2.8,3.4,7.0,3.1,0.4,0.3,0.9,3.3,7.2,29.4,0.1,43.2,3,0,44.0,1,19,1,66,19,5,4,90,16,13,75,5,7,49,103,76,86,5,12,112,98,31,21,2,5,96,14,12,7,11
88,1631105,Jalen Duren,Jalen,1610612765,DET,21.0,6,2,4,0.333,33.9,4.3,6.7,0.65,0.0,0.0,0.0,3.2,3.8,0.826,4.3,6.3,10.7,3.5,1.7,0.3,1.7,0.8,4.3,2.5,11.8,-4.7,34.2,1,0,30.0,103,121,47,132,42,58,91,24,164,190,164,33,35,62,1,14,8,40,47,130,7,36,3,50,63,171,31,29,7,35
89,1630224,Jalen Green,Jalen,1610612745,HOU,23.0,7,3,4,0.429,31.3,4.6,12.3,0.372,1.9,6.3,0.295,2.3,3.4,0.667,0.4,5.0,5.4,2.9,1.4,0.6,0.3,1.1,0.9,2.4,13.3,3.3,25.2,0,0,25.1,84,88,47,101,58,57,41,161,39,25,122,48,43,116,141,28,46,50,64,94,94,17,154,53,54,41,57,48,7,57
90,1629618,Jalen Pickett,Jalen,1610612743,DEN,25.0,8,4,4,0.5,7.2,0.6,1.9,0.333,0.4,1.1,0.333,0.0,0.0,0.0,0.0,0.9,0.9,0.6,0.8,0.0,0.1,0.1,0.4,0.1,1.6,-6.1,3.2,0,0,3.8,71,72,47,86,164,180,171,174,135,141,93,162,165,162,179,155,178,142,109,165,143,139,183,186,182,185,187,48,7,180
91,1631114,Jalen Williams,Jalen,1610612760,OKC,24.0,16,12,4,0.75,34.6,7.7,16.8,0.457,1.7,5.3,0.318,3.4,4.4,0.771,1.1,4.7,5.8,5.3,1.6,1.6,0.6,1.3,1.7,3.1,20.4,8.2,40.2,1,0,37.6,8,1,47,14,37,21,18,92,51,41,110,30,26,84,63,34,36,15,49,12,59,13,103,38,21,7,17,29,7,20
92,1627750,Jamal Murray,Jamal,1610612743,DEN,28.0,14,7,7,0.5,41.3,7.9,17.9,0.444,2.4,6.9,0.354,3.5,4.0,0.875,0.6,4.2,4.9,5.2,3.1,1.2,0.8,1.4,2.2,3.9,21.8,2.1,38.3,0,0,38.3,33,39,8,86,2,16,13,105,21,21,81,26,32,39,106,44,57,17,11,25,37,8,66,23,16,56,21,48,7,19
93,201935,James Harden,James,1610612746,LAC,35.0,7,3,4,0.429,39.4,6.3,14.4,0.436,2.3,6.3,0.364,3.9,4.7,0.818,0.6,4.9,5.4,9.1,3.0,1.3,1.0,0.9,2.3,3.4,18.7,-3.3,42.8,2,0,40.1,84,88,47,101,9,30,31,112,24,25,73,21,24,66,117,32,46,2,13,20,19,33,60,32,26,159,15,20,7,17
94,201949,James Johnson,James,1610612754,IND,38.0,3,2,1,0.667,4.5,0.7,1.0,0.667,0.0,0.3,0.0,0.3,0.7,0.5,0.0,0.3,0.3,0.7,0.3,0.7,0.7,0.0,0.3,0.3,1.7,-2.7,6.7,0,0,5.3,175,121,195,40,186,174,191,19,164,173,164,137,128,140,179,193,199,136,158,76,46,148,184,163,179,153,150,48,7,163
95,1641716,Jarace Walker,Jarace,1610612754,IND,21.0,12,9,3,0.75,9.7,1.1,2.8,0.382,0.7,1.7,0.4,0.2,0.3,0.5,0.2,1.6,1.8,0.7,0.6,0.2,0.2,0.0,0.8,0.5,3.0,-0.7,6.5,0,0,6.8,44,28,144,14,144,146,136,152,111,121,45,158,155,140,170,128,141,136,126,158,132,148,156,143,144,112,151,48,7,150
96,1628991,Jaren Jackson Jr.,Jaren,1610612763,MEM,25.0,4,0,4,0.0,34.2,5.5,14.5,0.379,0.8,2.8,0.273,4.3,5.0,0.85,2.3,2.8,5.0,1.5,2.8,1.0,0.5,1.5,3.5,4.0,16.0,-14.0,26.0,0,0,26.3,153,180,47,180,38,47,29,153,106,96,129,18,20,50,20,77,52,81,19,40,62,4,13,19,39,211,53,48,7,53
97,1629020,Jarred Vanderbilt,Jarred,1610612747,LAL,26.0,5,1,4,0.2,12.0,0.4,1.2,0.333,0.0,0.2,0.0,0.6,0.8,0.75,0.8,3.0,3.8,1.0,0.6,0.6,0.2,0.2,1.8,0.8,1.4,-0.6,9.3,0,0,7.8,115,139,47,154,135,186,186,174,164,183,164,114,117,91,89,69,77,108,120,89,118,113,94,119,183,110,130,48,7,134
98,1628386,Jarrett Allen,Jarrett,1610612739,CLE,27.0,9,5,4,0.556,29.0,4.9,6.8,0.721,0.0,0.0,0.0,3.7,3.9,0.943,2.3,6.1,8.4,1.3,1.9,1.4,0.9,0.7,1.7,2.6,13.4,8.1,30.7,5,0,27.9,61,54,47,66,67,52,87,18,164,190,164,23,33,24,19,18,14,89,36,15,28,45,104,49,53,8,37,6,7,45
99,1629750,Javonte Green,Javonte,1610612739,CLE,31.0,6,4,2,0.667,6.6,0.7,1.7,0.4,0.2,0.8,0.2,1.0,1.0,1.0,0.2,1.3,1.5,0.3,0.3,0.7,0.0,0.3,0.3,0.5,2.5,3.0,6.5,0,0,5.8,103,72,163,40,168,174,175,139,159,153,148,88,102,1,170,135,149,166,158,76,158,87,184,143,156,43,152,48,7,159
100,1629637,Jaxson Hayes,Jaxson,1610612747,LAL,25.0,4,1,3,0.25,7.6,0.8,2.0,0.375,0.0,0.0,0.0,0.3,0.5,0.5,1.3,0.8,2.0,0.3,0.3,0.0,0.3,0.0,2.0,0.3,1.8,-4.3,5.0,0,0,4.5,153,139,144,150,159,170,155,156,164,190,164,149,143,140,51,164,128,180,174,165,103,148,77,176,177,169,167,48,7,171
101,1630643,Jay Huff,Jay,1610612763,MEM,27.0,2,0,2,0.0,9.0,1.0,2.0,0.5,0.0,0.5,0.0,2.0,2.0,1.0,0.5,1.0,1.5,0.5,0.5,0.0,1.5,0.0,0.5,1.5,4.0,-3.5,10.6,0,0,9.0,199,180,163,180,150,147,155,52,164,164,164,53,64,1,124,143,149,149,131,165,8,148,169,80,136,161,124,48,7,129
102,1627759,Jaylen Brown,Jaylen,1610612738,BOS,28.0,11,6,5,0.545,36.6,7.8,17.7,0.441,1.9,5.7,0.333,4.5,6.0,0.758,1.2,5.9,7.1,3.9,3.5,1.0,0.3,1.3,3.2,5.0,22.1,5.5,36.7,3,0,37.5,51,45,35,79,25,17,14,109,37,32,93,14,12,89,56,21,25,32,6,40,99,12,25,11,15,25,23,12,7,21
103,1641740,Jaylen Clark,Jaylen,1610612750,MIN,23.0,5,3,2,0.6,5.7,0.8,1.0,0.8,0.0,0.2,0.0,0.6,0.8,0.75,0.4,1.0,1.4,0.2,0.2,0.4,0.0,0.0,0.4,0.8,2.2,0.0,5.2,0,0,4.6,115,88,163,52,175,168,191,14,164,183,164,114,117,91,143,143,153,185,180,118,158,148,180,119,163,98,166,48,7,169
104,1631119,Jaylin Williams,Jaylin,1610612760,OKC,22.0,14,10,4,0.714,9.0,0.9,2.2,0.387,0.4,1.5,0.286,0.4,0.6,0.556,0.3,1.6,1.9,1.1,0.8,0.5,0.1,0.1,2.1,0.6,2.5,-0.8,7.6,0,0,7.2,33,19,47,37,149,164,154,150,126,125,124,136,137,136,159,129,135,106,107,101,137,147,75,141,156,116,142,48,7,143
105,1642281,Jaylon Tyson,Jaylon,1610612739,CLE,22.0,4,3,1,0.75,7.7,1.8,3.8,0.467,1.3,2.3,0.556,1.3,1.5,0.833,0.8,1.0,1.8,1.8,0.5,0.5,0.3,0.3,1.0,1.0,6.0,6.8,12.5,0,0,12.3,153,88,195,14,158,123,121,85,81,108,14,77,79,56,96,143,141,71,131,101,103,99,137,97,104,15,115,48,7,114
106,1628369,Jayson Tatum,Jayson,1610612738,BOS,27.0,8,4,4,0.5,40.2,9.3,21.9,0.423,3.6,9.8,0.372,6.0,6.8,0.889,1.1,10.4,11.5,5.4,3.3,2.1,0.8,0.6,2.6,4.5,28.1,9.6,55.4,5,0,54.4,71,72,47,86,6,10,3,123,5,3,68,7,11,36,57,3,5,14,10,2,39,52,44,15,7,2,3,6,7,3
107,201145,Jeff Green,Jeff,1610612745,HOU,38.0,3,3,0,1.0,1.8,0.3,1.0,0.333,0.3,0.3,1.0,0.0,0.0,0.0,0.3,0.0,0.3,0.0,0.0,0.0,0.0,0.3,0.0,0.0,1.0,-5.3,1.4,0,0,1.7,175,88,211,1,216,192,191,174,138,173,1,162,165,162,149,204,199,192,189,165,158,87,196,188,193,179,206,48,7,205
108,1630579,Jericho Sims,Jericho,1610612749,MIL,26.0,5,1,4,0.2,11.5,1.2,1.2,1.0,0.0,0.0,0.0,0.4,0.6,0.667,2.2,1.8,4.0,0.2,1.0,0.0,0.2,0.0,1.0,0.6,2.8,-0.2,7.5,0,0,7.4,115,139,47,154,136,143,186,1,164,190,164,132,139,116,21,117,72,185,86,165,118,148,137,134,148,101,143,48,7,139
109,1641724,Jett Howard,Jett,1610612753,ORL,21.0,1,0,1,0.0,3.8,2.0,2.0,1.0,2.0,2.0,1.0,0.0,0.0,0.0,0.0,0.0,0.0,0.0,0.0,0.0,0.0,0.0,1.0,0.0,6.0,1.0,6.0,0,0,8.0,212,180,195,180,197,106,155,1,28,112,1,162,165,162,179,204,208,192,189,165,158,148,137,188,104,79,158,48,7,133
110,202710,Jimmy Butler III,Jimmy,1610612744,GSW,35.0,11,4,7,0.364,36.0,6.2,13.8,0.447,1.0,3.3,0.306,5.8,7.3,0.8,2.4,4.3,6.6,5.2,1.2,1.3,0.3,1.1,1.7,5.4,19.2,-4.8,38.4,1,0,35.1,51,72,8,130,28,32,32,100,89,80,117,9,8,71,18,43,30,19,77,21,99,21,100,10,22,175,20,29,7,24
111,1629111,Jock Landale,Jock,1610612745,HOU,29.0,1,1,0,1.0,4.9,1.0,2.0,0.5,0.0,0.0,0.0,0.0,0.0,0.0,0.0,0.0,0.0,0.0,0.0,0.0,0.0,1.0,0.0,0.0,2.0,-12.0,2.0,0,0,2.0,212,139,211,1,181,147,155,52,164,190,164,162,165,162,179,204,208,192,189,165,158,23,196,188,167,206,201,48,7,200
112,1629723,John Konchar,John,1610612763,MEM,29.0,4,0,4,0.0,17.2,0.8,2.3,0.333,0.3,1.5,0.167,1.0,1.0,1.0,0.8,2.5,3.3,1.5,0.5,0.5,0.5,0.0,2.0,1.0,2.8,-12.5,11.4,0,0,9.8,153,180,47,180,111,170,153,174,150,125,156,88,102,1,96,83,89,81,131,101,62,148,77,97,151,208,120,48,7,123
113,1642277,Johnny Furphy,Johnny,1610612754,IND,20.0,7,4,3,0.571,3.3,0.0,0.4,0.0,0.0,0.3,0.0,0.0,0.0,0.0,0.1,0.6,0.7,0.1,0.0,0.0,0.1,0.1,0.7,0.0,0.0,-1.1,1.5,0,0,1.1,84,72,144,64,204,203,212,203,164,182,164,162,165,162,175,181,181,191,189,165,137,135,160,188,206,126,205,48,7,208
114,1628371,Jonathan Isaac,Jonathan,1610612753,ORL,27.0,5,1,4,0.2,13.8,1.4,2.4,0.583,0.2,0.8,0.25,0.6,1.0,0.6,1.0,1.0,2.0,0.4,0.4,0.4,0.2,0.0,0.6,1.0,3.6,-2.2,8.0,0,0,7.4,115,139,47,154,128,135,149,33,152,155,135,114,102,132,64,143,128,161,147,118,118,148,165,97,139,147,138,48,7,139
115,1630228,Jonathan Kuminga,Jonathan,1610612744,GSW,22.0,8,3,5,0.375,23.4,5.6,11.6,0.484,1.3,3.1,0.4,2.8,3.9,0.71,0.9,1.6,2.5,1.3,1.6,0.5,0.5,1.1,1.6,2.8,15.3,-6.1,21.5,0,0,22.3,71,88,35,129,87,45,48,71,81,87,45,42,34,105,84,122,108,98,49,101,62,18,109,45,44,185,71,48,7,66
116,1630692,Jordan Goodwin,Jordan,1610612747,LAL,26.0,4,1,3,0.25,7.8,0.3,1.3,0.2,0.0,0.5,0.0,0.3,0.5,0.5,0.5,0.8,1.3,0.5,0.3,0.3,0.3,0.0,1.8,0.8,0.8,3.0,4.3,0,0,3.5,153,139,144,150,157,198,185,196,164,164,164,149,143,140,124,164,160,149,174,142,103,148,98,124,203,43,177,48,7,182
117,1641757,Jordan Miller,Jordan,1610612746,LAC,25.0,3,1,2,0.333,4.4,1.0,2.3,0.429,0.0,0.3,0.0,0.3,0.7,0.5,0.0,0.7,0.7,1.3,0.0,1.0,0.0,0.7,0.0,0.3,2.3,6.0,8.1,0,0,6.3,175,139,163,132,188,147,151,118,164,173,164,137,128,140,179,170,182,89,189,40,158,45,196,163,161,21,137,48,7,154
118,1641775,Jordan Walsh,Jordan,1610612738,BOS,21.0,5,4,1,0.8,3.1,0.0,0.2,0.0,0.0,0.2,0.0,0.0,0.0,0.0,0.0,0.2,0.2,0.2,0.0,0.0,0.0,0.0,0.0,0.2,0.0,-1.6,0.5,0,0,0.4,115,72,195,11,206,203,217,203,164,183,164,162,165,162,179,202,207,185,189,165,158,148,196,180,206,136,212,48,7,213
119,1628404,Josh Hart,Josh,1610612752,NYK,30.0,18,10,8,0.556,35.7,3.8,8.0,0.472,1.1,3.0,0.37,2.9,3.7,0.776,2.4,6.3,8.8,4.4,1.9,1.1,0.6,1.0,3.4,3.1,11.6,0.3,31.8,6,1,29.2,1,19,1,66,30,74,73,81,88,88,69,37,37,80,15,14,11,26,34,38,61,23,14,39,67,95,34,4,2,42
120,1631169,Josh Minott,Josh,1610612750,MIN,22.0,5,3,2,0.6,4.5,0.4,1.6,0.25,0.2,1.2,0.167,0.0,0.0,0.0,0.0,0.0,0.0,0.4,0.4,0.0,0.2,0.0,0.2,0.4,1.0,-0.2,1.8,0,0,2.0,115,88,163,52,184,186,176,189,152,136,156,162,165,162,179,204,208,161,147,165,118,148,194,157,193,101,203,48,7,200
121,201950,Jrue Holiday,Jrue,1610612738,BOS,34.0,8,4,4,0.5,33.0,3.6,7.5,0.483,1.1,3.3,0.346,1.1,1.6,0.692,1.5,2.6,4.1,4.0,2.0,0.9,0.1,0.6,3.1,1.8,9.5,1.3,21.5,0,0,20.8,71,72,47,86,47,76,78,73,86,81,88,86,77,112,35,81,71,30,30,58,143,52,27,74,77,74,72,48,7,73
122,1631124,Julian Strawther,Julian,1610612743,DEN,23.0,9,4,5,0.444,9.7,1.4,3.3,0.433,0.7,1.3,0.5,0.7,0.8,0.857,0.4,0.6,1.0,0.2,0.6,0.2,0.1,0.1,1.2,0.7,4.2,-4.1,6.2,0,0,6.8,61,72,35,99,143,132,127,115,111,132,17,106,122,42,138,183,168,182,128,149,149,143,133,133,133,166,157,48,7,149
123,203944,Julius Randle,Julius,1610612750,MIN,30.0,15,9,6,0.6,35.6,7.7,15.3,0.502,2.0,5.2,0.385,4.4,5.0,0.88,1.8,4.1,5.9,4.9,3.3,0.8,0.1,0.9,3.0,4.2,21.7,2.7,35.7,2,1,36.4,23,28,24,52,31,22,24,51,28,44,57,15,20,38,27,47,35,23,9,63,141,29,28,17,17,49,27,20,2,23
124,1626157,Karl-Anthony Towns,Karl-Anthony,1610612752,NYK,29.0,18,10,8,0.556,35.5,7.7,15.8,0.488,1.4,4.1,0.351,4.6,5.4,0.845,2.1,9.5,11.6,1.3,2.2,0.7,0.7,1.3,4.3,4.6,21.4,1.1,39.3,13,0,38.6,1,19,1,66,32,19,22,68,68,62,83,13,16,54,22,4,4,89,26,73,46,11,3,14,18,78,18,1,7,18
125,202695,Kawhi Leonard,Kawhi,1610612746,LAC,33.0,7,3,4,0.429,37.8,9.4,17.6,0.537,2.1,5.3,0.405,4.0,5.1,0.778,1.6,6.0,7.6,4.7,2.1,1.1,0.7,0.6,1.7,4.6,25.0,-0.9,44.6,3,0,43.1,84,88,47,101,18,7,17,39,27,42,42,19,18,78,34,19,23,24,27,31,42,61,102,13,12,119,12,12,7,12
126,1642276,Kel'el Ware,Kel'el,1610612748,MIA,21.0,4,0,4,0.0,18.2,2.0,4.5,0.444,0.8,2.8,0.273,0.0,0.0,0.0,1.0,3.8,4.8,1.0,0.5,0.3,0.5,0.3,0.8,0.8,4.8,-10.8,13.7,0,0,12.8,153,180,47,180,109,106,110,102,106,96,129,162,165,162,64,55,59,108,131,142,62,99,158,124,120,203,111,48,7,112
127,1629026,Kenrich Williams,Kenrich,1610612760,OKC,30.0,9,8,1,0.889,9.1,1.4,3.3,0.433,0.3,1.6,0.214,0.3,0.4,0.75,0.3,2.2,2.6,0.3,0.6,0.8,0.0,0.2,0.7,0.3,3.6,1.9,8.9,0,0,8.3,61,37,195,10,147,132,127,115,138,123,146,137,148,91,149,96,107,166,128,67,158,108,161,163,140,62,133,48,7,132
128,203484,Kentavious Caldwell-Pope,Kentavious,1610612753,ORL,32.0,5,1,4,0.2,32.7,1.6,6.0,0.267,1.2,4.6,0.261,0.6,0.8,0.75,0.2,2.8,3.0,1.8,0.4,1.4,0.6,0.0,2.2,0.8,5.0,-8.2,16.9,0,0,15.0,115,139,47,154,48,129,99,188,85,56,134,114,117,91,165,75,96,70,147,17,53,148,67,119,116,195,94,48,7,101
129,1642352,Keshad Johnson,Keshad,1610612748,MIA,23.0,2,0,2,0.0,4.1,0.5,0.5,1.0,0.0,0.0,0.0,0.0,0.0,0.0,0.5,0.0,0.5,0.0,0.5,0.0,0.0,0.0,0.5,0.0,1.0,-0.5,1.1,0,0,1.5,199,180,163,180,196,182,205,1,164,190,164,162,165,162,124,204,193,192,131,165,158,148,169,188,193,106,207,48,7,207
130,1628995,Kevin Knox II,Kevin,1610612744,GSW,25.0,5,0,5,0.0,7.5,1.6,4.0,0.4,0.2,1.2,0.167,0.8,1.0,0.8,0.6,0.8,1.4,0.8,0.4,0.0,0.2,0.6,0.4,0.6,4.2,6.2,7.3,0,0,7.0,115,180,35,180,161,129,118,139,152,136,156,95,102,71,108,157,153,125,147,165,118,54,180,134,134,19,145,48,7,144
131,1629645,Kevin Porter Jr.,Kevin,1610612749,MIL,25.0,5,1,4,0.2,30.2,3.8,9.6,0.396,1.4,3.0,0.467,2.2,2.6,0.846,0.6,3.0,3.6,5.4,1.8,0.8,0.0,0.6,2.4,1.8,11.2,-4.8,24.2,0,0,23.2,115,139,47,154,63,73,64,144,72,88,27,50,56,52,108,69,80,13,43,63,158,54,52,72,71,173,61,48,7,63
132,1626172,Kevon Looney,Kevon,1610612744,GSW,29.0,12,5,7,0.417,10.0,0.8,1.9,0.435,0.0,0.0,0.0,0.5,0.7,0.75,1.4,2.2,3.6,0.3,0.2,0.4,0.3,0.3,2.3,0.6,2.2,-2.0,9.1,0,0,7.6,44,54,8,118,140,166,170,114,164,190,164,129,128,91,41,98,81,166,184,117,85,99,62,140,165,142,131,48,7,137
133,1641738,Kobe Brown,Kobe,1610612746,LAC,25.0,3,1,2,0.333,4.8,2.3,2.7,0.875,0.3,0.3,1.0,0.3,0.3,1.0,0.0,0.3,0.3,1.3,0.0,0.0,0.0,0.3,0.0,0.3,5.3,6.7,7.7,0,0,7.3,175,139,163,132,182,100,141,12,138,173,1,137,155,1,179,193,199,89,189,165,158,87,196,163,114,16,139,48,7,141
134,1627739,Kris Dunn,Kris,1610612746,LAC,31.0,7,3,4,0.429,21.9,2.4,6.3,0.386,1.4,4.0,0.357,0.0,0.0,0.0,1.4,2.0,3.4,1.3,0.1,1.1,0.6,0.3,2.6,0.1,6.3,-1.1,17.3,0,0,15.9,84,88,47,101,93,96,95,151,69,64,76,162,165,162,40,101,87,96,186,31,58,95,48,184,100,126,92,48,7,94
135,204001,Kristaps Porziņģis,Kristaps,1610612738,BOS,29.0,11,6,5,0.545,21.0,2.3,7.2,0.316,0.4,2.4,0.154,2.8,4.1,0.689,1.9,2.7,4.6,0.7,0.9,0.9,0.8,0.1,2.4,3.4,7.7,0.6,18.7,1,0,16.9,51,45,35,79,95,104,82,183,136,105,162,39,31,115,26,80,62,133,99,56,33,146,58,35,92,83,84,29,7,90
136,203937,Kyle Anderson,Kyle,1610612748,MIA,31.0,2,0,2,0.0,7.0,0.0,1.0,0.0,0.0,0.0,0.0,0.0,0.0,0.0,0.0,0.5,0.5,0.5,0.5,0.0,0.0,0.0,0.5,0.5,0.0,-13.5,0.9,0,0,1.0,199,180,163,180,165,203,191,203,164,190,164,162,165,162,179,184,193,149,131,165,158,148,169,143,206,210,210,48,7,209
137,1628398,Kyle Kuzma,Kyle,1610612749,MIL,29.0,5,1,4,0.2,20.4,2.4,7.0,0.343,0.4,2.0,0.2,0.6,1.2,0.5,0.6,1.6,2.2,0.8,0.6,0.0,0.2,0.6,2.4,0.6,5.8,-8.6,9.6,0,0,9.6,115,139,47,154,100,98,83,172,129,112,148,114,91,140,108,124,123,125,120,165,118,54,52,134,108,198,127,48,7,126
138,1630205,Lamar Stevens,Lamar,1610612763,MEM,27.0,2,0,2,0.0,6.0,1.0,4.5,0.222,0.0,1.5,0.0,0.0,0.0,0.0,0.0,2.0,2.0,0.5,0.5,0.0,0.0,1.0,0.5,0.0,2.0,-1.5,4.7,0,0,4.5,199,180,163,180,172,147,110,193,164,125,164,162,165,162,179,101,128,149,131,165,158,23,169,188,167,132,170,48,7,171
139,1629013,Landry Shamet,Landry,1610612752,NYK,28.0,11,6,5,0.545,7.5,0.8,1.8,0.45,0.6,1.4,0.467,0.1,0.4,0.25,0.0,0.4,0.4,0.7,0.4,0.1,0.0,0.2,0.5,0.5,2.4,1.2,3.8,0,0,4.3,51,45,35,79,160,167,172,99,116,130,27,160,154,161,179,192,198,133,157,164,158,127,178,154,160,77,179,48,7,174
140,2544,LeBron James,LeBron,1610612747,LAL,40.0,5,1,4,0.2,40.7,8.6,17.6,0.489,2.0,5.6,0.357,6.2,8.0,0.775,2.4,6.6,9.0,5.6,2.6,2.0,1.8,1.0,1.6,6.6,25.4,-8.2,53.4,3,0,49.6,115,139,47,154,4,13,16,67,28,34,76,6,6,82,16,10,10,10,21,3,5,23,111,5,10,195,4,12,7,4
141,1631159,Leonard Miller,Leonard,1610612750,MIN,21.0,3,3,0,1.0,4.3,2.0,2.7,0.75,0.3,0.3,1.0,0.0,0.0,0.0,1.0,0.7,1.7,0.0,0.3,0.0,0.0,0.0,0.0,0.0,4.3,1.0,6.0,0,0,6.3,175,88,211,1,192,106,141,16,138,173,1,162,165,162,64,170,145,192,158,165,158,148,196,188,131,79,158,48,7,154
142,1629652,Luguentz Dort,Luguentz,1610612760,OKC,26.0,16,12,4,0.75,27.9,2.6,7.4,0.345,1.9,6.4,0.304,0.8,1.1,0.667,1.3,2.3,3.6,0.9,1.1,1.1,0.4,0.0,3.3,1.8,7.8,4.3,17.1,0,0,17.4,8,1,47,14,70,94,79,171,35,24,118,100,99,116,47,92,82,122,85,36,69,148,22,71,91,32,93,48,7,89
143,1629029,Luka Dončić,Luka,1610612747,LAL,26.0,5,1,4,0.2,41.6,9.4,20.8,0.452,3.2,9.2,0.348,8.2,9.2,0.891,0.4,6.6,7.0,5.8,4.0,1.0,0.6,0.6,3.2,7.0,30.2,-4.8,48.1,1,0,49.4,115,139,47,154,1,8,8,97,8,7,87,2,3,35,143,10,27,9,3,40,53,54,23,3,2,173,7,29,7,5
144,1630568,Luka Garza,Luka,1610612750,MIN,26.0,5,3,2,0.6,3.7,1.2,1.2,1.0,0.2,0.2,1.0,0.0,0.0,0.0,0.6,0.0,0.6,0.0,0.0,0.0,0.0,0.0,0.2,0.0,2.6,-0.4,3.3,0,0,3.4,115,88,163,52,200,143,186,1,152,183,1,162,165,162,108,204,191,192,189,165,158,148,194,188,154,105,186,48,7,185
145,1628379,Luke Kennard,Luke,1610612763,MEM,28.0,4,0,4,0.0,20.0,2.0,4.5,0.444,0.5,2.3,0.222,0.0,0.0,0.0,0.5,3.0,3.5,2.0,1.5,1.0,0.3,0.0,0.8,0.3,4.5,-4.5,14.0,0,0,13.0,153,180,47,180,101,106,110,102,119,108,143,162,165,162,124,69,83,65,57,40,103,148,158,176,128,170,110,48,7,111
146,1628436,Luke Kornet,Luke,1610612738,BOS,29.0,11,6,5,0.545,16.4,1.9,2.6,0.724,0.0,0.0,0.0,0.7,0.7,1.0,1.5,2.5,3.9,0.5,0.5,0.5,1.2,0.2,1.8,1.2,4.5,3.0,14.6,0,0,12.4,51,45,35,79,115,116,146,17,164,190,164,104,125,1,39,85,74,160,143,98,15,127,93,92,127,43,107,48,7,113
147,1627736,Malik Beasley,Malik,1610612765,DET,28.0,6,2,4,0.333,27.2,4.7,12.5,0.373,3.3,9.8,0.339,1.3,1.3,1.0,0.2,2.3,2.5,1.2,1.2,0.5,0.2,0.2,1.7,1.5,14.0,-2.3,19.6,0,0,22.3,103,121,47,132,76,56,39,160,7,2,91,71,87,1,170,88,108,103,79,101,132,130,104,80,51,148,81,48,7,65
148,1628963,Marvin Bagley III,Marvin,1610612763,MEM,26.0,2,0,2,0.0,13.8,4.0,4.5,0.889,0.5,0.5,1.0,0.0,0.0,0.0,1.0,2.0,3.0,0.0,1.5,1.0,0.5,0.0,1.5,1.5,8.5,-10.0,15.1,0,0,15.0,199,180,163,180,127,66,110,10,119,164,1,162,165,162,64,101,96,192,57,40,62,148,118,80,85,202,104,48,7,101
149,1629622,Max Strus,Max,1610612739,CLE,29.0,9,5,4,0.556,28.1,4.1,9.9,0.416,2.9,7.4,0.388,0.6,0.7,0.833,1.8,3.9,5.7,3.9,0.8,0.7,0.2,0.7,2.6,1.8,11.7,6.1,26.2,0,0,25.9,61,54,47,66,69,63,61,129,13,13,56,125,128,56,30,50,40,33,108,76,116,45,50,73,65,20,52,48,7,54
150,1628467,Maxi Kleber,Maxi,1610612747,LAL,33.0,1,0,1,0.0,5.0,0.0,1.0,0.0,0.0,1.0,0.0,2.0,2.0,1.0,0.0,0.0,0.0,0.0,1.0,0.0,0.0,0.0,1.0,2.0,2.0,-1.0,1.0,0,0,2.0,212,180,195,180,180,203,191,203,164,142,164,53,64,1,179,204,208,192,86,165,158,148,137,63,167,121,208,48,7,200
151,1629008,Michael Porter Jr.,Michael,1610612743,DEN,26.0,14,7,7,0.5,31.1,3.4,8.6,0.392,1.7,5.0,0.343,0.7,1.0,0.714,1.0,4.5,5.5,0.6,0.9,0.6,0.4,0.6,1.9,0.9,9.1,-1.5,19.0,1,0,19.1,33,39,8,86,59,82,71,146,50,46,90,105,102,102,64,37,43,140,98,84,72,61,90,115,80,132,82,29,7,83
152,1628969,Mikal Bridges,Mikal,1610612752,NYK,28.0,18,10,8,0.556,39.2,6.7,14.6,0.456,1.6,4.7,0.333,0.7,0.9,0.75,1.1,3.4,4.5,2.9,2.1,1.7,0.9,0.6,2.2,1.2,15.6,-3.8,31.1,0,0,29.8,1,19,1,66,11,27,27,93,59,54,93,106,112,91,60,62,65,49,29,11,25,64,70,93,43,163,36,48,7,39
153,201144,Mike Conley,Mike,1610612750,MIN,37.0,15,9,6,0.6,23.7,1.9,6.4,0.302,1.3,4.0,0.333,0.8,0.9,0.923,0.8,2.1,2.9,3.3,0.8,0.6,0.2,0.2,1.4,1.3,6.0,3.7,16.1,0,0,15.2,23,28,24,52,86,115,94,185,76,64,93,95,115,27,89,100,100,42,105,89,118,113,125,90,104,39,98,48,7,99
154,1630540,Miles McBride,Miles,1610612752,NYK,24.0,18,10,8,0.556,19.0,1.9,5.0,0.378,1.2,3.3,0.373,0.8,0.9,0.824,0.2,1.0,1.2,1.0,0.6,0.4,0.1,0.3,1.2,0.9,5.8,1.8,9.7,0,0,10.3,1,19,1,66,104,118,104,155,84,79,67,99,111,63,170,143,164,108,119,112,149,96,133,114,109,63,126,48,7,122
155,1629011,Mitchell Robinson,Mitchell,1610612752,NYK,27.0,18,10,8,0.556,20.6,1.7,2.8,0.608,0.0,0.0,0.0,1.2,3.1,0.393,3.7,3.3,7.1,0.4,0.7,0.9,0.8,0.2,2.1,2.7,4.7,0.4,18.2,1,0,15.6,1,19,1,66,98,125,136,29,164,190,164,80,51,155,6,63,26,164,112,54,38,130,74,48,121,93,87,29,7,97
156,1630541,Moses Moody,Moses,1610612744,GSW,23.0,12,5,7,0.417,16.1,2.3,6.7,0.35,1.3,3.8,0.333,1.2,1.4,0.824,0.8,1.4,2.2,1.2,0.3,0.5,0.3,0.3,1.3,1.1,7.1,-3.0,13.4,0,0,13.2,44,54,8,118,118,100,91,170,81,71,93,84,85,63,96,134,127,103,158,101,103,99,131,95,97,155,113,48,7,110
157,1626167,Myles Turner,Myles,1610612754,IND,29.0,16,12,4,0.75,30.3,5.2,9.9,0.525,1.6,3.9,0.403,3.3,4.2,0.776,1.2,3.8,4.9,1.4,1.5,0.6,2.3,0.3,3.0,3.9,15.2,3.9,30.3,1,0,28.8,8,1,47,14,62,50,62,44,57,67,43,32,29,80,55,55,56,87,57,87,2,94,28,22,46,37,40,29,7,43
158,1631466,Nate Williams,Nate,1610612745,HOU,26.0,3,3,0,1.0,1.7,0.0,0.3,0.0,0.0,0.3,0.0,0.0,0.0,0.0,0.0,0.0,0.0,0.0,0.3,0.0,0.0,0.0,0.3,0.0,0.0,-4.7,-0.3,0,0,0.0,175,88,211,1,218,203,214,203,164,173,164,162,165,162,179,204,208,192,158,165,158,148,184,188,206,171,219,48,7,215
159,1629675,Naz Reid,Naz,1610612750,MIN,25.0,15,9,6,0.6,25.0,3.7,7.3,0.509,1.7,4.2,0.397,1.3,1.7,0.76,1.1,3.7,4.7,1.7,1.9,0.7,0.9,0.4,2.9,1.9,10.4,0.1,21.7,0,0,21.8,23,28,24,52,80,75,81,48,53,58,52,76,75,88,62,58,60,76,38,72,26,79,35,67,74,97,70,48,7,68
160,1629674,Neemias Queta,Neemias,1610612738,BOS,25.0,4,3,1,0.75,3.2,1.3,1.5,0.833,0.0,0.0,0.0,0.0,0.0,0.0,0.5,0.0,0.5,0.5,0.0,0.3,0.0,0.3,0.5,0.0,2.5,-2.0,4.6,0,0,4.0,153,88,195,14,205,140,180,13,164,190,164,162,165,162,124,204,193,149,189,142,158,99,169,188,156,142,172,48,7,175
161,1629638,Nickeil Alexander-Walker,Nickeil,1610612750,MIN,26.0,15,9,6,0.6,20.6,2.9,7.5,0.389,1.5,4.2,0.349,1.0,1.1,0.882,0.5,1.3,1.8,2.3,1.5,0.4,0.3,0.3,1.6,1.6,8.3,-0.7,14.7,0,0,15.4,23,28,24,52,97,91,77,148,67,58,86,88,98,37,122,139,137,59,56,118,85,98,111,77,87,112,106,48,7,98
162,201587,Nicolas Batum,Nicolas,1610612746,LAC,36.0,7,3,4,0.429,24.5,1.9,4.7,0.394,1.9,4.7,0.394,0.0,0.0,0.0,0.6,3.3,3.9,2.0,0.4,0.9,1.7,0.0,1.9,0.3,5.6,0.0,20.5,0,0,18.4,84,88,47,101,83,121,109,145,39,53,53,162,165,162,117,64,75,65,145,60,6,148,90,175,112,98,77,48,7,85
163,203999,Nikola Jokić,Nikola,1610612743,DEN,30.0,14,7,7,0.5,40.2,9.4,19.1,0.489,1.9,5.1,0.38,5.6,7.2,0.772,2.1,10.6,12.7,8.0,3.9,2.0,0.9,1.1,3.4,7.0,26.2,-0.8,58.1,11,3,54.6,33,39,8,86,5,9,11,66,36,45,61,10,9,83,23,2,2,4,4,3,30,22,15,3,8,116,2,2,1,2
164,1631107,Nikola Jović,Nikola,1610612748,MIA,21.0,4,0,4,0.0,18.7,3.3,8.8,0.371,1.5,6.0,0.25,1.5,1.5,1.0,1.0,3.0,4.0,1.5,1.3,0.8,0.3,0.5,0.5,1.0,9.5,-11.5,18.3,0,0,18.5,153,180,47,180,107,83,70,163,62,29,135,69,79,1,64,69,72,81,70,68,103,66,169,97,77,205,86,48,7,84
165,1626181,Norman Powell,Norman,1610612746,LAC,32.0,7,3,4,0.429,34.0,6.0,12.7,0.472,2.0,5.7,0.35,2.0,2.6,0.778,0.1,2.3,2.4,2.4,1.7,1.1,0.3,0.9,2.1,2.7,16.0,-4.1,25.1,0,0,25.7,84,88,47,101,40,34,38,83,28,33,84,53,58,78,175,90,113,57,45,31,94,33,71,47,39,168,58,48,7,56
166,1628384,OG Anunoby,OG,1610612752,NYK,27.0,18,10,8,0.556,39.2,5.7,13.7,0.417,2.3,6.7,0.339,2.6,3.2,0.81,1.3,3.3,4.6,1.3,1.7,2.0,1.2,1.4,2.7,2.3,16.3,-2.0,31.9,0,0,31.0,1,19,1,66,12,42,34,125,25,22,92,46,49,69,43,67,63,89,47,3,13,5,39,58,36,142,33,48,7,34
167,1630167,Obi Toppin,Obi,1610612754,IND,27.0,16,12,4,0.75,17.1,3.4,6.7,0.505,0.8,2.6,0.286,1.2,1.5,0.792,0.6,2.8,3.3,1.4,0.9,0.6,0.3,0.2,2.0,1.4,8.7,-1.5,16.7,0,0,16.0,8,1,47,14,112,80,89,49,106,100,124,83,79,77,119,77,88,87,100,87,93,125,77,86,83,132,96,48,7,92
168,1631172,Ousmane Dieng,Ousmane,1610612760,OKC,22.0,6,4,2,0.667,4.4,0.5,1.2,0.429,0.5,0.8,0.6,0.3,0.3,1.0,0.0,0.7,0.7,0.5,0.0,0.0,0.0,0.0,0.0,0.3,1.8,-1.3,3.4,0,0,3.5,103,72,163,40,187,182,190,118,119,153,12,137,155,1,179,170,182,149,189,165,158,148,196,163,175,129,183,48,7,182
169,200782,P.J. Tucker,P.J.,1610612752,NYK,40.0,1,1,0,1.0,4.4,0.0,0.0,0.0,0.0,0.0,0.0,0.0,0.0,0.0,0.0,0.0,0.0,0.0,0.0,0.0,0.0,0.0,1.0,0.0,0.0,4.0,0.0,0,0,0.0,212,139,211,1,190,203,218,203,164,190,164,162,165,162,179,204,208,192,189,165,158,148,137,188,206,33,215,48,7,215
170,1642359,Pacôme Dadiet,Pacôme,1610612752,NYK,19.0,2,0,2,0.0,2.2,0.5,0.5,1.0,0.0,0.0,0.0,0.0,0.0,0.0,0.0,0.0,0.0,0.0,0.0,0.0,0.0,0.0,0.0,0.0,1.0,1.5,1.0,0,0,1.0,199,180,163,180,210,182,205,1,164,190,164,162,165,162,179,204,208,192,189,165,158,148,196,188,193,69,208,48,7,209
171,1631094,Paolo Banchero,Paolo,1610612753,ORL,22.0,5,1,4,0.2,39.4,10.8,24.8,0.435,2.4,5.4,0.444,5.4,8.2,0.659,2.4,6.0,8.4,4.2,3.0,0.6,0.8,1.8,3.6,6.0,29.4,-7.2,47.0,1,0,47.2,115,139,47,154,8,2,1,113,22,37,35,11,5,126,16,19,15,29,13,89,35,2,10,9,6,189,9,29,7,8
172,1627783,Pascal Siakam,Pascal,1610612754,IND,31.0,16,12,4,0.75,33.6,8.2,15.3,0.537,1.6,3.4,0.463,3.1,4.7,0.667,0.9,4.9,5.8,3.3,1.1,1.1,0.4,0.9,3.0,3.6,21.1,6.8,36.2,1,0,34.6,8,1,47,14,43,15,25,38,57,78,30,34,25,116,84,31,36,45,82,39,69,32,28,30,19,14,25,29,7,25
173,1626192,Pat Connaughton,Pat,1610612749,MIL,32.0,3,1,2,0.333,4.6,0.7,2.7,0.25,0.3,1.3,0.25,0.3,0.7,0.5,0.0,0.7,0.7,0.3,0.3,0.0,0.0,0.0,0.3,0.3,2.0,-3.3,3.0,0,0,3.3,175,139,163,132,183,174,141,189,138,132,135,137,128,140,179,170,182,166,158,165,158,148,184,163,167,160,191,48,7,188
174,1630311,Pat Spencer,Pat,1610612744,GSW,28.0,8,2,6,0.25,7.9,2.0,3.1,0.64,0.1,0.4,0.333,0.4,0.4,1.0,0.6,0.8,1.4,0.8,0.8,0.4,0.0,0.5,1.1,0.5,4.5,0.6,7.7,0,0,7.5,71,121,24,150,156,106,131,25,163,172,93,135,151,1,107,164,157,130,109,127,158,66,135,143,128,84,140,48,7,138
175,201988,Patty Mills,Patty,1610612746,LAC,36.0,1,1,0,1.0,3.7,1.0,2.0,0.5,1.0,1.0,1.0,0.0,0.0,0.0,0.0,0.0,0.0,0.0,1.0,0.0,0.0,0.0,1.0,0.0,3.0,6.0,2.0,0,0,4.0,212,139,211,1,199,147,155,52,89,142,1,162,165,162,179,204,208,192,86,165,158,148,137,188,144,21,201,48,7,175
176,1630194,Paul Reed,Paul,1610612765,DET,25.0,5,2,3,0.4,10.6,1.0,1.6,0.625,0.0,0.0,0.0,0.8,1.2,0.667,1.4,1.6,3.0,0.2,1.0,1.0,0.6,0.0,1.6,0.6,2.8,1.8,10.5,0,0,9.2,115,121,144,124,137,147,176,26,164,190,164,95,91,116,42,124,96,185,86,40,53,148,111,134,148,66,125,48,7,128
177,1630202,Payton Pritchard,Payton,1610612738,BOS,27.0,11,6,5,0.545,27.4,4.1,9.0,0.455,2.5,6.1,0.403,1.3,1.5,0.824,0.8,1.5,2.3,1.5,0.8,0.5,0.0,0.5,1.7,1.0,11.9,6.5,17.8,0,0,19.3,51,45,35,79,71,65,65,94,20,28,44,75,78,63,88,132,120,79,103,98,158,72,100,97,62,17,90,48,7,82
178,1641796,Pelle Larsson,Pelle,1610612748,MIA,24.0,4,0,4,0.0,13.0,2.0,3.8,0.533,0.8,2.0,0.375,0.3,0.8,0.333,0.5,1.8,2.3,1.0,0.5,0.3,0.0,0.3,1.5,0.8,5.0,-12.3,9.5,0,0,9.5,153,180,47,180,131,106,121,41,106,112,63,149,123,158,124,118,121,108,131,142,158,99,118,124,116,207,129,48,7,127
179,1631212,Peyton Watson,Peyton,1610612743,DEN,22.0,14,7,7,0.5,14.2,1.7,4.2,0.407,0.5,1.4,0.368,0.6,1.1,0.5,1.0,1.9,2.9,0.3,0.6,0.8,0.6,0.2,1.5,1.0,4.5,-7.9,12.2,0,0,11.1,33,39,8,86,124,126,117,136,119,131,70,121,95,140,64,112,101,177,127,66,51,111,118,97,128,192,116,48,7,119
180,1630173,Precious Achiuwa,Precious,1610612752,NYK,25.0,8,4,4,0.5,4.2,0.8,1.8,0.429,0.0,0.1,0.0,0.3,0.5,0.5,0.4,0.8,1.1,0.0,0.1,0.1,0.0,0.0,0.3,0.4,1.8,-0.3,3.4,0,0,3.1,71,72,47,86,194,170,173,118,164,188,164,149,143,140,148,164,166,192,187,162,158,148,193,161,177,103,185,48,7,190
181,1642366,Quinten Post,Quinten,1610612744,GSW,25.0,12,5,7,0.417,12.2,1.3,4.0,0.333,0.8,2.7,0.313,0.3,0.3,0.75,0.5,1.8,2.3,1.0,0.5,0.3,0.3,0.3,1.7,0.2,3.8,-0.5,9.1,0,0,8.9,44,54,8,118,134,136,118,174,100,99,112,149,155,91,124,115,115,108,131,142,103,87,104,183,138,106,131,48,7,130
182,1642263,Reed Sheppard,Reed,1610612745,HOU,20.0,3,3,0,1.0,3.3,0.0,0.7,0.0,0.0,0.7,0.0,0.0,0.0,0.0,0.0,0.3,0.3,0.3,0.3,0.7,0.3,0.0,0.3,0.3,0.0,-8.7,3.6,0,0,2.7,175,88,211,1,203,203,200,203,164,156,164,162,165,162,179,193,199,166,158,76,85,148,184,163,206,199,182,48,7,195
183,1642265,Rob Dillingham,Rob,1610612750,MIN,20.0,3,1,2,0.333,5.5,1.0,2.7,0.375,0.3,0.7,0.5,0.3,0.7,0.5,0.0,0.7,0.7,2.3,0.0,0.0,0.0,0.0,0.3,1.0,2.7,-0.7,7.0,0,0,6.0,175,139,163,132,177,147,141,156,138,156,17,137,128,140,179,170,182,59,189,165,158,148,184,97,153,112,148,48,7,158
184,1641842,Ronald Holland II,Ronald,1610612765,DET,19.0,5,2,3,0.4,6.7,0.0,1.0,0.0,0.0,0.6,0.0,1.8,2.0,0.9,0.6,0.6,1.2,0.0,1.2,0.0,0.2,0.4,1.0,1.6,1.8,-0.8,2.6,0,0,3.4,115,121,144,124,167,203,191,203,164,160,164,60,64,30,108,179,162,192,74,165,118,79,137,77,176,118,196,48,7,185
185,203497,Rudy Gobert,Rudy,1610612750,MIN,32.0,15,9,6,0.6,27.4,3.1,5.3,0.582,0.0,0.0,0.0,1.7,3.3,0.52,3.1,5.5,8.6,0.7,0.9,0.5,1.2,0.7,2.5,3.9,7.9,3.9,23.6,1,0,20.7,23,28,24,52,72,85,102,34,164,190,164,64,46,139,9,25,12,132,102,100,14,45,51,21,90,36,65,29,7,75
186,1629060,Rui Hachimura,Rui,1610612747,LAL,27.0,5,1,4,0.2,36.4,5.6,11.4,0.491,3.0,6.2,0.484,0.6,0.6,1.0,0.8,3.8,4.6,1.0,1.4,0.6,0.6,0.8,2.4,0.8,14.8,-11.0,24.0,0,0,25.8,115,139,47,154,27,46,49,63,11,27,24,114,139,1,89,53,64,108,67,89,53,37,52,119,48,204,63,48,7,55
187,201566,Russell Westbrook,Russell,1610612743,DEN,36.0,13,6,7,0.462,24.1,4.0,10.2,0.391,1.5,4.8,0.317,2.2,3.1,0.7,1.5,2.2,3.7,2.6,2.3,0.9,0.1,0.8,3.2,2.3,11.7,-8.2,20.7,1,0,21.5,43,45,8,98,84,66,59,147,61,52,111,52,52,108,38,95,78,54,23,55,155,39,26,57,64,194,74,29,7,71
188,1631157,Ryan Rollins,Ryan,1610612749,MIL,22.0,3,1,2,0.333,9.8,1.3,4.3,0.308,0.7,2.3,0.286,0.0,0.0,0.0,0.3,0.3,0.7,1.3,0.0,0.3,0.0,1.0,1.3,0.3,3.3,-8.0,7.1,0,0,6.7,175,139,163,132,141,136,115,184,111,106,124,162,165,162,149,193,182,89,189,130,158,23,128,163,143,193,146,48,7,152
189,1630573,Sam Hauser,Sam,1610612738,BOS,27.0,8,5,3,0.625,13.5,1.3,3.0,0.417,0.9,2.6,0.333,0.1,0.1,1.0,0.0,1.5,1.5,0.5,0.4,0.1,0.1,0.0,1.4,0.4,3.5,4.0,6.4,0,0,6.9,71,54,144,47,129,140,132,126,98,100,93,159,164,1,179,131,149,149,155,162,143,148,127,161,141,33,153,48,7,145
190,1630241,Sam Merrill,Sam,1610612739,CLE,29.0,8,5,3,0.625,19.9,1.9,5.0,0.375,1.8,4.9,0.359,0.3,0.4,0.667,0.9,1.6,2.5,1.8,0.3,0.5,0.3,0.1,2.3,0.8,5.8,6.9,13.4,0,0,13.3,71,54,144,47,102,119,104,156,43,51,74,149,151,116,84,122,108,71,174,101,103,139,62,124,110,13,112,48,7,109
191,1630583,Santi Aldama,Santi,1610612763,MEM,24.0,4,0,4,0.0,30.4,5.3,11.0,0.477,2.5,6.0,0.417,0.0,0.0,0.0,0.5,5.5,6.0,1.8,1.3,0.0,0.3,0.5,1.8,0.3,13.0,-8.5,22.3,0,0,23.8,153,180,47,180,61,49,51,77,18,29,40,162,165,162,124,22,33,71,70,165,103,66,98,176,55,197,69,48,7,61
192,1630590,Scotty Pippen Jr.,Scotty,1610612763,MEM,24.0,4,0,4,0.0,32.2,5.5,14.5,0.379,2.5,7.0,0.357,4.8,4.8,1.0,1.0,4.5,5.5,3.5,3.5,1.0,0.3,1.3,4.8,4.3,18.3,-16.8,30.4,1,0,32.3,153,180,47,180,51,47,29,153,18,18,76,12,23,1,64,37,43,40,7,40,103,13,2,16,29,215,39,29,7,31
193,1628983,Shai Gilgeous-Alexander,Shai,1610612760,OKC,26.0,16,12,4,0.75,36.5,10.2,21.6,0.471,1.5,5.0,0.3,7.9,9.2,0.857,1.3,4.4,5.7,6.9,2.3,1.6,0.6,1.2,2.7,6.4,29.8,9.9,51.1,3,0,48.1,8,1,47,14,26,4,5,84,62,46,119,3,4,42,47,40,38,6,24,14,59,16,41,7,3,1,6,12,7,7
194,1629003,Shake Milton,Shake,1610612747,LAL,28.0,2,0,2,0.0,1.8,0.0,0.5,0.0,0.0,0.0,0.0,0.0,0.0,0.0,0.0,0.0,0.0,0.0,0.0,0.0,0.0,0.0,0.5,0.0,0.0,0.5,0.0,0,0,0.0,199,180,163,180,212,203,205,203,164,190,164,162,165,162,179,204,208,192,189,165,158,148,169,188,206,87,215,48,7,215
195,201939,Stephen Curry,Stephen,1610612744,GSW,37.0,8,5,3,0.625,35.1,7.8,16.3,0.477,4.0,10.0,0.4,3.1,3.5,0.893,0.3,5.0,5.3,5.1,3.4,1.0,0.8,0.1,1.6,4.0,22.6,3.3,38.5,1,0,40.5,71,54,144,47,35,18,19,79,2,1,45,34,41,33,162,28,49,20,8,40,39,139,109,19,14,42,19,29,7,16
196,203500,Steven Adams,Steven,1610612745,HOU,31.0,7,3,4,0.429,22.1,1.7,2.9,0.6,0.0,0.0,0.0,2.3,4.3,0.533,3.3,3.3,6.6,0.6,0.7,0.4,1.1,0.1,1.0,2.9,5.7,6.3,18.5,0,0,16.0,84,88,47,101,92,126,135,31,164,190,164,48,28,138,8,64,31,145,113,115,17,135,137,43,111,18,85,48,7,92
197,204456,T.J. McConnell,T.J.,1610612754,IND,33.0,16,12,4,0.75,16.3,3.6,6.8,0.528,0.3,0.9,0.357,0.9,1.1,0.833,0.6,2.6,3.1,3.9,1.6,0.3,0.1,0.4,0.9,1.1,8.4,-1.4,17.6,0,0,16.5,8,1,47,14,117,78,88,43,149,152,76,93,99,56,119,82,94,31,54,139,157,73,152,94,86,130,91,48,7,91
198,1631106,Tari Eason,Tari,1610612745,HOU,24.0,7,3,4,0.429,18.9,3.0,6.3,0.477,1.0,2.7,0.368,0.6,1.1,0.5,1.0,3.3,4.3,0.7,1.4,1.1,1.0,0.4,1.9,0.7,7.6,-3.9,18.8,0,0,17.9,84,88,47,101,105,88,95,77,89,98,70,121,95,140,64,64,67,135,64,31,19,75,90,129,93,165,83,48,7,88
199,1627752,Taurean Prince,Taurean,1610612749,MIL,31.0,5,1,4,0.2,12.2,0.4,2.0,0.2,0.4,1.8,0.222,0.0,0.0,0.0,0.0,1.0,1.0,1.6,1.0,0.4,0.2,0.0,0.6,0.0,1.2,-6.0,5.6,0,0,5.4,115,139,47,154,133,186,155,196,129,119,143,162,165,162,179,143,168,78,86,118,118,148,165,188,188,183,164,48,7,162
200,1630545,Terrence Shannon Jr.,Terrence,1610612750,MIN,24.0,9,4,5,0.444,6.3,1.4,3.0,0.481,0.3,0.9,0.375,1.3,1.3,1.0,0.1,1.0,1.1,0.3,0.3,0.4,0.0,0.2,1.0,1.0,4.6,0.4,7.4,0,0,7.2,61,72,35,99,170,132,132,74,138,151,63,71,87,1,178,143,167,166,158,112,158,108,137,97,125,92,144,48,7,142
201,1628418,Thomas Bryant,Thomas,1610612754,IND,27.0,14,11,3,0.786,9.6,0.9,1.9,0.481,0.5,0.9,0.538,0.6,0.7,0.9,0.5,1.3,1.8,0.2,0.5,0.3,0.4,0.2,1.3,0.9,3.0,-0.6,6.9,0,0,6.8,33,16,144,13,145,162,169,74,119,150,15,113,126,30,124,137,140,184,131,141,83,111,129,115,144,109,149,48,7,147
202,203501,Tim Hardaway Jr.,Tim,1610612765,DET,33.0,6,2,4,0.333,31.4,4.0,11.8,0.338,2.7,8.7,0.308,1.3,1.7,0.8,0.3,2.5,2.8,1.2,1.5,0.3,0.0,0.2,1.7,1.8,12.0,1.8,16.7,0,0,19.3,103,121,47,132,57,66,45,173,16,10,115,71,75,71,149,83,103,103,57,130,158,130,104,69,61,63,97,48,7,81
203,202699,Tobias Harris,Tobias,1610612765,DET,32.0,6,2,4,0.333,38.8,5.7,11.8,0.479,1.7,3.8,0.435,2.7,2.7,1.0,1.3,6.3,7.7,0.5,1.0,1.0,1.2,0.7,2.7,2.3,15.7,-3.8,31.1,1,0,29.8,103,121,47,132,16,44,45,76,53,69,37,44,54,1,43,14,22,149,86,40,16,45,42,55,42,163,35,29,7,37
204,1628396,Tony Bradley,Tony,1610612754,IND,27.0,8,4,4,0.5,6.8,0.3,0.6,0.4,0.0,0.1,0.0,0.5,0.8,0.667,0.9,0.9,1.8,0.4,0.3,0.0,0.1,0.0,0.6,0.5,1.0,2.4,3.8,0,0,3.4,71,72,47,86,166,198,204,139,164,188,164,129,123,116,84,155,141,165,174,165,143,148,164,143,193,54,180,48,7,187
205,1628470,Torrey Craig,Torrey,1610612738,BOS,34.0,5,4,1,0.8,4.2,0.4,0.8,0.5,0.4,0.6,0.667,0.0,0.0,0.0,0.4,0.6,1.0,0.6,0.2,0.2,0.0,0.0,0.4,0.2,1.2,1.2,3.7,0,0,3.6,115,72,195,11,195,186,199,52,129,160,10,162,165,162,143,179,168,143,180,151,158,148,180,180,188,75,181,48,7,181
206,1631218,Trayce Jackson-Davis,Trayce,1610612744,GSW,25.0,9,2,7,0.222,8.9,1.8,2.0,0.889,0.0,0.0,0.0,0.6,1.4,0.385,1.0,1.3,2.3,0.2,0.1,0.3,0.2,0.1,1.7,0.8,4.1,-2.4,8.8,0,0,7.8,61,121,8,153,151,122,155,10,164,190,164,125,83,156,64,135,115,182,188,130,116,143,104,123,135,150,134,48,7,135
207,202684,Tristan Thompson,Tristan,1610612739,CLE,34.0,3,2,1,0.667,9.8,1.0,2.0,0.5,0.0,0.0,0.0,0.3,1.0,0.333,0.7,4.3,5.0,0.3,0.7,0.3,0.7,0.0,0.7,1.0,2.3,9.0,11.2,0,0,9.7,175,121,195,40,142,147,155,52,164,190,164,137,102,158,103,42,52,166,116,130,46,148,161,97,161,3,122,48,7,125
208,1641783,Tristan da Silva,Tristan,1610612753,ORL,24.0,2,0,2,0.0,2.5,0.0,0.5,0.0,0.0,0.5,0.0,0.0,0.0,0.0,0.0,2.0,2.0,0.5,1.0,0.0,0.0,0.0,0.0,0.0,0.0,0.5,2.2,0,0,2.5,199,180,163,180,207,203,205,203,164,164,164,162,165,162,179,101,128,149,86,165,158,148,196,188,206,87,199,48,7,198
209,1629660,Ty Jerome,Ty,1610612739,CLE,27.0,9,5,4,0.556,21.3,4.1,10.2,0.402,1.6,4.0,0.389,1.9,2.2,0.85,0.6,1.9,2.4,3.6,1.2,0.6,0.1,1.1,1.8,1.6,11.7,8.3,20.7,1,0,20.6,61,54,47,66,94,63,60,138,59,64,55,59,62,50,121,113,112,38,73,97,149,20,97,79,65,6,75,29,7,76
210,1629639,Tyler Herro,Tyler,1610612748,MIA,25.0,4,0,4,0.0,36.0,6.8,16.3,0.415,2.3,7.3,0.31,2.0,2.5,0.8,0.0,3.5,3.5,2.8,2.3,0.5,0.0,0.8,3.0,2.5,17.8,-21.8,25.3,0,0,27.3,153,180,47,180,29,26,19,130,26,16,114,53,59,71,179,60,83,51,24,101,158,40,28,50,31,219,56,48,7,47
211,1642278,Tyler Kolek,Tyler,1610612752,NYK,24.0,3,1,2,0.333,2.2,0.3,0.3,1.0,0.3,0.3,1.0,0.0,0.0,0.0,0.0,0.3,0.3,1.0,0.0,0.0,0.0,0.0,0.0,0.0,1.0,3.0,2.9,0,0,2.7,175,139,163,132,211,192,214,1,138,173,1,162,165,162,179,193,199,108,189,165,158,148,196,188,193,43,193,48,7,195
212,1630169,Tyrese Haliburton,Tyrese,1610612754,IND,25.0,16,12,4,0.75,35.1,6.8,14.6,0.466,2.4,7.1,0.333,2.8,3.5,0.804,0.3,5.4,5.7,9.8,1.9,1.4,0.7,0.8,1.9,2.4,18.8,7.1,44.5,9,1,40.8,8,1,47,14,34,25,26,87,23,17,93,41,41,70,157,26,38,1,35,19,45,40,89,52,24,12,13,3,2,15
213,1631246,Vince Williams Jr.,Vince,1610612763,MEM,24.0,3,0,3,0.0,12.5,1.3,2.3,0.571,1.3,2.3,0.571,0.7,0.7,1.0,0.3,2.0,2.3,1.3,1.0,0.7,0.3,0.0,1.0,0.3,4.7,1.7,11.5,0,0,11.7,175,180,144,180,132,136,151,36,76,106,13,106,128,1,149,101,115,89,86,76,85,148,137,163,121,67,119,48,7,118
214,1628427,Vlatko Čančar,Vlatko,1610612743,DEN,28.0,3,2,1,0.667,3.6,0.0,0.0,0.0,0.0,0.0,0.0,0.0,0.0,0.0,0.0,0.7,0.7,0.0,0.7,0.0,0.0,0.0,0.0,0.0,0.0,-3.0,0.1,0,0,0.7,175,121,195,40,201,203,218,203,164,190,164,162,165,162,179,170,182,192,116,165,158,148,196,188,206,155,214,48,7,211
215,1628976,Wendell Carter Jr.,Wendell,1610612753,ORL,26.0,5,1,4,0.2,32.4,4.2,8.0,0.525,0.6,2.2,0.273,1.2,2.0,0.6,3.8,7.0,10.8,1.2,1.6,0.4,0.4,0.6,2.4,2.0,10.2,-12.6,25.8,2,0,24.4,115,139,47,154,49,62,73,45,118,110,129,81,64,132,4,7,7,99,51,118,75,54,52,63,76,209,54,20,7,59
216,1630214,Xavier Tillman,Xavier,1610612738,BOS,26.0,1,0,1,0.0,8.4,1.0,4.0,0.25,0.0,2.0,0.0,0.0,0.0,0.0,1.0,2.0,3.0,0.0,0.0,0.0,0.0,0.0,0.0,0.0,2.0,-2.0,5.6,0,0,5.0,212,180,195,180,152,147,118,189,164,112,164,162,165,162,64,101,96,192,189,165,158,148,196,188,167,142,164,48,7,166
217,1641744,Zach Edey,Zach,1610612763,MEM,23.0,4,0,4,0.0,27.0,2.5,3.8,0.667,0.0,0.0,0.0,1.3,1.8,0.714,2.8,5.0,7.8,1.8,1.5,0.0,2.5,0.8,3.0,2.3,6.3,-14.5,24.2,0,0,20.8,153,180,47,180,77,95,121,19,164,190,164,77,73,102,11,28,21,71,57,165,1,40,28,59,101,212,62,48,7,73
218,1630192,Zeke Nnaji,Zeke,1610612743,DEN,24.0,6,3,3,0.5,5.7,0.2,1.3,0.125,0.2,1.0,0.167,0.7,1.2,0.571,0.5,0.7,1.2,0.3,0.3,0.2,0.3,0.2,1.0,0.5,1.2,-3.2,4.2,0,0,3.8,103,88,144,86,174,202,182,200,159,142,156,106,93,135,124,170,164,166,158,158,85,130,137,143,191,158,178,48,7,178
